Actual,Predict,Path,Sampling Rate
បើសិនជាយើងមិនបានសម្អាតបរិស្ថានឲ្យវាបានស្អាតទេ ដូច្នោះអាសំរាម កាកសំណល់យើងផ្សេងៗហ្នឹង ពេលដែលភ្លៀងមកវាត្រូវដក់ទឹក,ដូចនៅសិនធ្វើយើងមុនបានសម្បានបរិស្ថានវាបានស្អាទេ ដូចឈ្នោះសំរាមកសំណល់យើងផ្សេងៗនឹងពេលដែលភ្លាងមកវាត្រូវដក់ទឹក,9_2.wav,16000
បាទ កាលណាដែលយើងមិនបានសម្អាត មិនបានមើលវាយូរៗទៅ មូសនឹងមកពងដាក់ បាទ គឺមូសខ្លាញី មូសវានឹងមកពងដាក់នៅក្នុងទឹកនោះ,ការណាដែលយើងមិនបានតំអានមួយវាសយូរយូរទៅ មុសនឹងមើបពងដាក់បាន គឺមុខខ្លាងញី។ មុសវានឹងមើលពងដាក់នៅក្នុងទឹកនោះ,9_3.wav,16000
បាទ នៅក្នុងរដូវភ្លៀង ពេលកាលណាដែលភ្លៀង វាដូចថាភ្លៀងមកជាញឹកញាប់ ភ្លៀងមករាល់ថ្ងៃ បាទ នៅតាមស្រុកស្រែ ឬមួយក៏នៅតាមជនបទភាគច្រើន,នៅក្នុងរដូវភ្លៀងពេលកាន់ដែលភ្លៀងវាដូចថាភ្លៀងមកជិញ្ញុកញាប់ភ្លៀងមករដ្ឋថៃ បាននៅតាមទ្រឹកស្រាយ ឬមួយកូនៅតាមជនបទភាគច្រើន,9_1.wav,16000
﻿សួស្តីមិត្តភក្តិទាំងអស់គ្នា ជួបជាមួយខ្ញុំម្ដងទៀតហើយក្នុងការនិយាយអំពីរដូវភ្លៀង បាទ ដូច្នេះកុំឲ្យខាតពេលយូរ ខ្ញុំសូមបកស្រាយតែម្ដង,ស៊ុស្តេងមិនភេទអស់គ្នាជួបជាមួយខ្ញុំម្ដងទៀតហើយក្នុងការនិយាយអំពីរស្តីភ្លៀង ដូច្នេះកំអើខានពេលយូរក្នុងសូមមកស្រាយតែម្ដង,9_0.wav,16000
បាទ កាលណាដែលវាពងដាក់ហើយយូរនឹងឆាប់ ដូចជារយៈពេលប៉ុន្មានថ្ងៃ វាញាស់អីអញ្ចឹងទៅ បាទ ពេលដែលវាញាស់អីអញ្ចឹងទៅ ធ្វើឲ្យវា ដូចថាបង្កើនបក្សពួកកាន់តែច្រើន,បាទ! កាលណាដែលវាពង្ដាក់ហើយយូរនឹងឆាប់ដូចគៀរយៈពេលប៉ុន្មានថ្ងៃវាញ្ញាស់អោយអញ្ចឹងទៅ ពេលដែលវាញ្ញាស់អញ្ចឹងធ្វើឲ្យវានឹង ដូចថាបង្កើនប៉ាក់ពួកហ្នឹងកាន់នៅច្រើន,9_4.wav,16000
ហើយពេលដែលយើងគេងនៅពេលថ្ងៃ គឺមូសហ្នឹងវាចូលចិត្តមកខាំណាស់ បាទ អាហ្នឹងគេហៅថាមូសខ្លាញី,ហើយពេលដែលយើងគេនៅពេលថ្ងៃគឺមុខនឹងវាចូលចិត្តម្ខាន់ណាស់ និងគេហៅថាមុខខ្លាងាយ្យ,9_5.wav,16000
ដូច្នេះជំងឺយើងគឺកាន់តែខ្លាំងឡើងៗ ហើយជំងឺដែលមូសខ្លាញីខាំនេះ គឺយើងហៅថា គ្រុនចាញ់ បាទ សូមទោស គឺជំងឺគ្រុនឈាម,ដូច្នេះជំងឺយើងគឺខាន់តែខ្លាំងឡើងហើយជំនូរដែលមុខខ្លាញ់នេះគឺយើងហើយថាគ្រុនចាញ់សំទូរគឺជំនួរគ្រុនឈាម,9_7.wav,16000
បាទ ពេលដែលវាមកខាំយើង ពេលវាមកខាំអញ្ចឹង តិចៗអញ្ចឹងអត់អីទេ ប៉ុន្តែបើសិនជាយើងទុកវាយូរវាខាំដូចថាមួយថ្ងៃបន្តិចៗ,ពេលដែលវាមខាំយើង ប៉ុន្តែមុសសិននិយើងទប់វាយូរ វាខាំមុនថ្ងៃមុនទី,9_6.wav,16000
យើងត្រូវលុបបំបាត់ អាកម្ទេចកម្ទី អាកាកសំណល់ដែលវាគួរដក់ទឹកហ្នឹង,យើងត្រូវលុបបំបាត់ កុំទេចកុំទីការសំណល់ដែលវាគួរដក់ទឹកហ្នឹង,9_15.wav,16000
បាទ ហើយម្យ៉ាងទៀត បើសិនជាយើងចង់លុបបំបាត់ កុំឲ្យយើងមានជំងឺគ្រុនចាញ់ យើងត្រូវជំងឺគ្រុនឈាម,ហើយម្យាងទៀត បើសិនជាយើងចង់លុបបំបាតក៏មិនឲ្យយើងមានជំងឺគ្រុនចាញ់យើងត្រូវជំងឺគ្រុនឈាម,9_14.wav,16000
យើងយកវាទៅកប់ ឬមួយក៏យកវាទៅដុតចោល បាទ ឬមួយក៏យើងចងថង់ដាក់វាឲ្យស្អាតអញ្ចឹងទៅ,យើងយកវាទៅកបរាមួយក៏យកវាទៅដុតចោល បានឬមួយក៏យើងចង់ថង់ដាក់វាអ្វាអ៊ីស្អារទៅ,9_16.wav,16000
ពេលឡានសំរាមមកយក យើងបោះចូលទៅក្នុងឡានសំរាមគេតែម្ដង,ពេលានសំរើមគ្នាមួយយកយើងបោះចូលទៅក្នុងឡានសំរើមគេដែរម្តង,9_17.wav,16000
តែបើសិនជា ស្ត្រីនោះមានផ្ទៃពោះផង ដូច្នេះយើងតែគប្បីពិគ្រោះជាមួយនឹង doctor ឬមួយក៏អ្នកដែលមានជំនាញច្បាស់លាស់,បើសិនជាច្រើនមានផ្ទៃពោះផងដូច្នែកយើងទៅតែគាប់បី ទៅពីគ្រោះជាមួយនឹងដុះទ័រ ឬមួយក៏អ្នកដែលមានចំណាយ ច្បាស់នោះ,9_13.wav,16000
បាទ ហើយគ្រុនឈាមនេះដែរ បើសិនជាយើងព្យាបាលមិនទាន់ពេលវេលាទេ ធ្វើឲ្យមានគ្រោះថ្នាក់ដល់ជីវិត បាទ ធ្វើឲ្យមានគ្រោះថ្នាក់ដល់ជីវិត,ហើយគ្រុនឈាមីដែល ពួកសន្តិយើងព្យាបាលមិនទាន់ពេលវេលាតីធ្វើឱ្យមានគ្រោះថ្នាក់ដល់ជីវិតបានធ្វើឱ្យមានគ្រោះថ្នាក់ដល់ជីវិត,9_12.wav,16000
ទៅដោយព្រៃ បាទ ហើយសម្បូរមូសខាំ ដែលមូសព្រៃខាំ  បាទ ដែលមូលព្រៃខាំអីអញ្ចឹងទៅបានកើតជាគ្រុនចាញ់,ទៅដោយព្រៃសម្បូរមូលខាមដែលមូលព្រៃខាម៉ាន់ណាស់ ដែលមូលព្រៃខាមីចង្គកើតជាគ្រូនចាញ់,9_10.wav,16000
បាទ រីឯគ្រុនឈាមវិញ គឺវាបង្កបង្កើតឡើងដោយមូសខ្លាញី,បានរាជ្រានឆៀងមិញ ទឺវាបង្ករបង្កើតឡើងដែលមូលខ្លាញ់ញី,9_11.wav,16000
អាថ្នាំហ្នឹងទៅយកវាមកដាក់ចូលក្នុងទឹកលោកអ្នកហ្នឹង ប្រើប្រាស់  អញ្ចឹងទៅ អញ្ចឹងអត់មានដង្កូវទឹកទេ សត្វដង្កូវទឹកហ្នឹង នឹងត្រូវងាប់អស់ បាទ,អាធ្នឹមនឹងទៅ យកវាដាក់ចូលទឹកផលោកអ្នកផ្លើប្រាស់នឹងទៅ ចឹងអត់មានដង្គូវទាក់ទេ សត្វបង្គូរទិត្តនឹងត្រូវងាប់អស់,9_20.wav,16000
ហើយយើងដេកពេលថ្ងៃ អីហ្នឹង យើងត្រូវតែចងមុង ដើម្បីបង្ការកុំឲ្យមានមូសខ្លា មូសអីខាំអញ្ចឹងនាំតែកើតជំងឺ ហើយណាមួយវាមិនចំណេញទេ ធ្វើឲ្យសុខភាពយើងចុះខ្សោយផង,ហើយយើងដែលពេលថ្ងៃអ្នកយើងត្រូវតែចង់មុងដើម្បីបង្កើតការមានមុខខ្លះមុខអីខាំចង់មានតែការជាមួយនៅមិនចំណេញទេធ្វើឲ្យសោកភាពហ្នឹងចុះខ្សោយផង,9_21.wav,16000
យើងចេះមាន ទំនួលខុសត្រូវលើខ្លួនឯងច្បាស់លាស់ ដូច្នេះយើងអាចចំណេញទាំងពេលវេលា ចំណេញទាំងលុយ ហើយហ្នឹងមួយទៀត គឺយើងមានសុខភាពល្អទៀត,យើងជែមានទំនួលខ្លួនអាចទំនួលខុសត្រូវលើខ្លួនឯងច្បាស់លាស់ ដូច្នេះ យើងអាចចំនែងទាំងពេលវេលាយចំនែងទាំងលុយហ្នឹងមួយទៀតគឺយើងមានសុខភាពល្អទៀត,9_23.wav,16000
យើងចំណាយថវិកា មួយចំនួនហ្នឹងទៅលើពេទ្យផង បាទ ដូច្នេះប្រសិនជាមាន បើសិនជាយើងមានវិធីការពារគ្រប់គ្រាន់ បាទ,ជើងចំណាយថវិកម្មជាជំនួយនោះទៅលើពេត្តផង ដូចឆ្នេរពុះសិនជាមានបើស៊ើនយើងមានវិធីការពារគ្រប់គ្រាន់,9_22.wav,16000
សម្រាប់សម្លាប់សត្វល្អិត ដូចជាដង្កូវទឹក បាទ អាហ្នឹងពេលដែលវាតូច មិនទាន់កើតជាមូសយើងហៅវាថាដង្កូវទឹក ពេលដែលវាកើតចេញជាមូសហើយ យើងហៅវាថាមូសតែម្ដង,សម្រាប់ សម្លាប់សត្វល្អិតដូចជាទង្គូវតឹកអានឹងពេលដែលវាទូចមិនទាំងការជាមួយយើងក្រាវាថាទង្គូវតឹកពេលវាការចេញជាមុះខែជាមូសទាំរង់,9_19.wav,16000
បាទ ដូច្នេះខ្ញុំមានតែប៉ុណ្ណឹងទេ ដូច្នេះខ្ញុំសូមបញ្ចប់នូវរូប បាទ នូវការបកស្រាយនូវរដូវភ្លៀង បាទ តែត្រឹមនេះសិន បាទ សូមអរគុណ សូមជម្រាបលា,ដូច្នេះខ្ញុំមានតែប៉ុណ្ណឹងទេ ដូច្នេះខ្ញុំសូមបញ្ចប់នៅការបកស្លាយនៅរដូវភ្លាន បានត្រឹងដោយសិនបានសុមគន់សូមជម្រាប់លា,9_24.wav,16000
បាទ ហើយ ហើយទឹកនៅក្នុងពាង ឬមួយក៏ទឹកនៅក្នុងកន្លែងផ្សេងៗដែលយើងប្រើប្រាស់ដូចជាអាងទឹក ដូចជាទឹកអីហ្នឹង យើងត្រូវដាក់ថ្នាំម្យ៉ាងគឺសម្លាប់,ហើយទឹកនៅក្នុងពាង ឬមើលក៏ទឹកនៅក្នុងកន្លែងស៊ានដែលយើងប្រើបដូចជាអាងទឹកដូចជាទឹកអីនឹងយើងត្រូវដាក់ថ្នាំម្យានគឺតម្លាប់,9_18.wav,16000
បាទ មូសខ្លាញីហ្នឹងពេលដែល ពេលភ្លៀងធ្លាក់ឡើង គឺយើងមានជំងឺគ្រុនឈាម,មុខ្លានិងពេលដាក់ពេលភ្លាងធ្លាក់ឡើង គឺយើងមានជំងឺគ្រុនឈាម,9_8.wav,16000
បាទ គ្រុនចាញ់និងគ្រុនឈាម គឺខុសគ្នា គ្រុនចាញ់ គឺយើងទៅតំបន់មួយដែលសម្បូរទៅដោយភ្នំ,គ្រុនចាញ់គ្រុនឈាមគឺខុសគ្នាគ្រុនចាញ់គឺយើងទៅតំបន់មួយដែលសម្បូរត្រោយភ្នំ,9_9.wav,16000
ចំណុចមួយដែលខុសគ្នាខ្លាំងមែនទែនគឺត្រង់ថា ថ្នាក់បឋមសិក្សារបស់ខ្ញុំគឺស្ថិតនៅក្បែរផ្ទះរបស់ខ្ញុំ,ចាប់បើយដែលខុសគ្នាខ្លាំងបញ្តែង គឺត្រង់ថ្នាក់ថាមិចសិក្សារបស់ខ្ញុំគឺធិតនៅក្បាយផ្ទះរបស់ខ្ញុំ,11_4.wav,16000
អញ្ចឹងនៅក្នុងថ្នាក់វិទ្យាល័យរបស់ខ្ញុំ គឺខ្ញុំបានចាប់ផ្ដើមរៀនភាសាបារាំង ដែលកាលពីមុនគឺយើងអត់រៀនភាសាបារាំងទេនៅក្នុងថ្នាក់បឋមសិក្សា,ជាងនៅក្នុងថ្នាក់វិទ្យាល័យដបស់ខ្ញុំគឺខ្ញុំបានចាប់ផ្ដើមរៀនភាសាបារាំង ដែលកាលពីមុនគឺយើងអត់មាននរៀនវស្សាបារាំងដែរនៅក្នុងថ្នាក់ផ្ថំសិក្សា,11_20.wav,16000
ហើយដោយសារប្រទេសខ្មែរស្ថិតនៅក្រោមអាណានិគមបារាំងកាលពីមុន អញ្ចឹងនេះគឺជាមុខវិជ្ជាមួយដែលជាភាសាបរទេសមួយដែលយើងត្រូវរៀននៅថ្នាក់វិទ្យាល័យ,ហើយដោយសារប្រទេសខ្មែរថិតក្រោបបាលអានគុំបារាំងកាលពីមុនអញ្ចឹងនេះគឺជាមុខវិជ្ជាមួយដែលជាពិសារបស់រទេសមួយដែលយើងទៅរាននៅថ្នាក់វិទ្យាល័យ,11_21.wav,16000
ហើយខ្ញុំតែងតែធ្វើដំណើរដោយថ្មើរជើងគឺខ្ញុំដើរទៅសាលារៀនរៀងរាល់ថ្ងៃ,អោយខ្ញុំតែងដែលធ្វើដំណើរដោយថ្មារជើងគឺខ្ញុំដើរតែសាលារៀនត្រាងរាល់ថ្ងៃ,11_5.wav,16000
ដែលស្ថិតនៅឆ្ងាយពីផ្ទះ មានចំងាយរហូតទៅដល់ ៧ គីឡូម៉ែត្រ,ដែលច្ងាស់ឆ្ងាយពីផ្ទះមានចំណាយរហូតទៅដល់ ៧គីឡូម៉ែតែ,11_7.wav,16000
ហើយភាសាបារាំងនេះគឺរៀនតាំងពីថ្នាក់ទី ៦ រហូតដល់ថ្នាក់ទី ១២,ហើយភាសាបារាណនេះគឺរៀនតាមពីថ្នាក់ទី៦៦០ទាក់ទី១០០០០០០០០០០០០០០០០០០០០០០០០០០០០០០០០០០០០០០០០០០០០០០០០០០០០០០០០០០០០០០០០០០០០០០០០០០០០០០០០០០០០០០០០០០០០០០០០០០០០០០០០០០០០០០០០០០០០�,11_23.wav,16000
អញ្ចឹងគឺមុខវិទ្យាដែលថ្មីរបស់ខ្ញុំដែលខ្ញុំបានចាប់ផ្ដើមរៀនថ្មីគឺភាសាបរទេស គឺភាសាបារាំង ដែលខ្ញុំចាប់រៀនចាប់ពីថ្នាក់ទី ៦ ទៅ,អញ្ចឹងគឺមុខវិជ្ជាដាច់ថ្មីល្បស់ខ្ញុំ ដែលខ្ញុំបានចាប់ប្រាំរាណថ្មី គឺភាសាបរទេស គឺភាសាបារាំង ដែលខ្ញុំបានចាប់រៀនចាប់ពីធ្នាក់ទីប្រមួយទៅ,11_22.wav,16000
ក៏ប៉ុន្តែបន្ទាប់ពីខ្ញុំបានបន្ត ឬក៏បានបញ្ចប់ថ្នាក់បឋមសិក្សា ខ្ញុំត្រូវបន្តទៅរៀននៅថ្នាក់វិទ្យាល័យ,គោលប៉ុន្តែបន្តល់ពីខ្ញុំបានបន្ត ឬក៏បានបន្ចប់ថ្នាក់ បឋមិនសិក្សា ខ្ញុំត្រូវបន្តទៅរាននៅថ្នាក់វិទ្យាល័យ,11_6.wav,16000
ហើយនិងភាពដូចគ្នាផងដែរទៅនឹងថ្នាក់បឋមសិក្សា ថាតើថ្នាក់បឋមសិក្សា ហើយនិងថ្នាក់វិទ្យាល័យមានចំណុចអ្វីខ្លះដែលដូចគ្នា,ហ្នឹងភាពដូចគ្នាផងដែរទៅ និងថ្នាក់ថ្មស្រាប់ធ្នាក់ថ្មស្រាក់ថ្មវិធីល័យមានចំណុចអីខ្លះដែលដូចគ្នា,11_2.wav,16000
ហើយនិងមានចំណុចអ្វីខ្លះដែលផ្លាស់ប្ដូរ ហើយខុសពីថ្នាក់បឋមសិក្សា ហើយដូចជាខ្ញុំបានលើកមកពីមុនហើយថា,ហើយនឹងមានចំណុចអេចខ្លះដែលផ្លាស់ប្តូរហើយខុសពីថ្នាក់ប្រធំមិនសិក្សា ហើយដូរគេខ្ញុំបានលើកមកពីមុនហើយថា,11_3.wav,16000
អញ្ចឹងមុខវិជ្ជាគណិតវិទ្យា មុខវិជ្ជាជីវៈ មុខវិជ្ជាអក្សរសិល្ប៍ មុខវិជ្ជារូបវិទ្យា មុខវិជ្ជាគីមីវិទ្យា ហើយមុខវិជ្ជាគេហកិច្ច ហើយមុខវិជ្ជាមួយដែលថ្មីបំផុតនោះ គឺមុខវិជ្ជាភាសាបរទេស,ជាមុខវិជ្ជាកន្តិវិជ្ជា មុខវិជ្ជាជាវិជ្ជាសសើរ្តិ៍ មុខវិជ្ជាគីមីវិជ្ជាហើយមុខវិជ្ជាកីហាត់កិច្ច ០០០ ០០០០០០០០០០០០០កាន់នៅក៏វិជ្ជាភាសាបរទេស,11_19.wav,16000
ហើយការពិពណ៌នាទៅលើវិទ្យាល័យរបស់ខ្ញុំ ខ្ញុំនឹងបង្ហាញអំពីភាពខុសគ្នា,ហើយកាលពីព័ត៌ដែលនាទៅលើវិទ្យាល័យរបស់គ្ញាប់ខ្ញុំខ្ញុំបងហារញញញញ្ញុំពេលភាពខុសគ្នី,11_1.wav,16000
គណិតវិទ្យា ជីវវិទ្យា មុខវិជ្ជាអក្សរសិល្ប៍ ដូចជារៀនភាសាខ្មែរ រឿងនិទានអីផ្សេងៗ យើងហៅថាមុខវិជ្ជា អក្សរសិល្ប៍,គណិតវិទ្យាជាវិទ្យា មុខវិជ្ជាអាស័រស៊ើន ដូចជារៀនភាសាខ្មែររឿងនាក់ទៀតនេះព្យាយខ្ញុំអាស៊ីអាស៊ើន,11_18.wav,16000
﻿សូមជម្រាបសួរ នេះគឺជាការពិពណ៌នាបន្ថែមទៀតទៅលើប្រធានបទដែលមានចំណងជើងថា វិទ្យាល័យរបស់ខ្ញុំ,សិមជម្រាបស៊ូនេះជាកាលពីពាត់ដំនានរបន្ថែមទៀត ទៅលើបប្រធានបទដែលមានចំណងជើងថាវិទ្យាល័យរបស់ខ្ញោម,11_0.wav,16000
ហើយខ្ញុំក៏សូមបញ្ចប់ការពិពណ៌នាទៅលើ មុខវិជ្ជាផ្សេងៗនៅក្នុងថ្នាក់វិទ្យាល័យរបស់ខ្ញុំដោយប៉ុណ្ណេះដែរ សូមអរគុណ,ហើយខ្ញុំក៏សុមច្ចប់ការពិចពាត់រណៀរគឺលើមុខវិជ្ជាផ្សេងៗនៅថ្នាក់វិទ្យាល័យរបស់ខ្ញុំឲ្យប្រណែដែលអាចសុបអគុណ,11_24.wav,16000
ហើយយើងឃើញថាមុខវិជ្ជាទាំងនោះ មានរួមដូចជា មុខវិជ្ជាដែលខ្ញុំរៀននៅថ្នាក់វិទ្យាល័យមានមុខវិជ្ជា គណិតវិទ្យា។,ហើយឃើញថាមកប្រជាទាក់នោះមានរួមជាមុខប្រជាដែលខ្ញុំរានៅថ្នាក់ប្រជាឡើយមានប្រជាគេគណិតវិជ្ជា,11_15.wav,16000
ពេលដែលយើងឡើងដល់ថ្នាក់វិទ្យាល័យ គឺយើងចាប់ផ្ដើមរៀនមុខវិជ្ជានោះ,ពេលដែលយើងឡើងទៅដល់ធ្នាក់វិទ្យាល័យគឺ ញើញចាប់ផ្ដើរមុខបញ្ជា,11_14.wav,16000
គណិតវិទ្យាគឺជាមុខវិជ្ជាមួយដែលផ្ដោតទៅលើលេខ យើងរៀនលេខ [ប៉ុន្តែ?]មុខវិជ្ជានេះគឺរៀនបន្ថែម ហើយកាន់តែពិបាកជាងថ្នាក់បឋមសិក្សា,នៅតែប្រជាគឺជាមុខបញ្ជាមួយដែលផ្ដោតទៅលើលែក រៀនលែកក៏ទេមុខប្រជាននេះគឺរាជ្របន្ថែមហើយកាន់ដែលវិបាកជាងដាក់ដ្ឋាមិនសុស្សសា,11_16.wav,16000
អញ្ចឹងមានមុខវិជ្ជាគណិតវិទ្យា មានមុខវិជ្ជាជីវវិទ្យា អញ្ចឹងជីវវិទ្យាគឺសិក្សាទៅលើជីវសាស្ត្រ ជីវិតរស់នៅ រូបរាងកាយ អញ្ចឹងគឺហៅថាមុខវិជ្ជាជីវវិទ្យា,ហើយមានមុខវិជ្ជាគណាស់វិជ្ជា ជិះវាក់វិជ្ជា ហើយនិងជិះវជ្ជាគឺសឹកសារទៅលើជិវិតស្តនៅរូបរាមការហើយហើយហើយមុខវិជ្ជាវាក់វិជ្ជា,11_17.wav,16000
គឺយើងរៀនមុខវិជ្ជានឹងដដែលយើងគ្រាន់តែរៀនបន្ថែមទៀត ហើយមុខវិជ្ជាមួយចំនួនគឺថ្មីដែលមិនដែលរៀនពីមុនមកទេនៅក្នុងថ្នាក់បឋមសិក្សា,គឺជាងរៀនមុខអាជ្រានអង្ដូរដែលទាំងផងដែររៀនបន្ថែមទៀត ហើយមុខអាជ្រាមុខចិនន្តគឺថ្មីដែលមិនដែលរៀនពីរម៉ូនមកទេសក្នុងថ្នាក់ថវសិក្សា,11_13.wav,16000
ហើយនិងមុខវិជ្ជានៅសាលារៀន។ មុខវិជ្ជានៅសាលារៀនគឺមានចំណុចមួយចំនួន មុខវិជ្ជាមួយចំនួនដែលបន្ត,ហើយនឹងមុខវិជ្ជានៃសាលារៀន មុខវិជ្ជានៃសាលារៀនគឺមានចំនិតមួយចំនួនមុខគឺមួយចំនួនដែរ,11_12.wav,16000
ហើយខ្ញុំត្រូវធ្វើដំណើរដោយជិះកង់ ដូច្នេះខ្ញុំជិះកង់រៀងរាល់ថ្ងៃទៅសាលារៀនគឺទៅវិទ្យាល័យរបស់ខ្ញុំ,ខ្ញុំត្រូវធ្វើដណាដោយជិះក៏ ដែលជិះក៏និយាយច្នេះធ្នឹងជិះក៏រៀងរដ្ឋថ្ងៃទៅសាលារៀនគឺទៅវិទ្យាល័យ,11_8.wav,16000
ហើយចំពោះសាលារៀនវិញគឺខុសគ្នាផងដែរដែលសាលារៀនវិទ្យាល័យគឺធំជាងមុន មានសិស្សច្រើនជាងមុន ហើយអាគារក៏ស្អាតជាងមុនដែរ,ហើយចាប់ពោះសាលារៀនហើយខុសគ្នាផងដាស្ដារៀនវិទ្យាល័យថមជាមុនមានសេសច្រើនជាមុនហើយអគ្រាក់ៗក៏សារជាមុនដែរ,11_10.wav,16000
នេះគឺជាចំណុចមួយដែលខុសគ្នាខ្លាំងមែនទែន,នេះគឺជាចំណុចដែលខុសគ្នាខ្លាំមែនទែន,11_9.wav,16000
គឺអាគារថ្មមានលក្ខណៈទំនើបជាងថ្នាក់បឋមសិក្សារបស់ខ្ញុំ ប៉ុន្តែបើយើងមើលទៅដូចជាទាក់ទងទៅនឹងមេរៀន,គឺអគារថ្មានអ្នកទន្នលើបជាងថ្នាក់ប្រថមស្សារបស់ខ្ញុំ តែវើយើងមើលតែជាតិតិងនៅហ្នឹងមានរៀន,11_11.wav,16000
បាទ ហើយកត្តាមួយទៀតហ្នឹង វាធ្វើឲ្យលូហ្នឹងវាមានលក្ខណៈស្ទះ បាទ លូហ្នឹងវាមានលក្ខណៈស្ទះ ហើយអញ្ចឹងទៅវាធ្វើឲ្យបរិស្ថានហ្នឹងគឺវាកខ្វក់តាមហ្នឹងដែរ,ហើយកត្តាមួយទៀតនោះវាធ្វើឲ្យលូវហ្នឹង វាមានលាក់អាស្ទះ លូវហ្នឹងវាមានលាក់អាស្ទះ ហើយអញ្ចឹងទៅវាធ្វើអោយបារដ្ឋានហ្នឹងក៏វាក៏ខ្វក្វាក់តើ,7_8.wav,16000
បើសិនជាលូស្ទះហើយ  ពេលដែលយើងធ្វើដំណើរទៅមកហ្នឹង វាធ្វើឲ្យមានការ បាទ ឡើងទឹក  ត្រឹមជង្គង់យើង  ឬមួយក៏ត្រឹមចង្កេះ,បើសិនជាលូស្ទាសហើយពេញអញ្ចឹងពេលរយើងធ្វើដំណើរទៅមកហ្នឹង វាធ្វើឱ្យមានការបានឡើងទឹកអីចឹងអញ្ចឹងយើងអីអញ្ចឹងមួយក៏ត្រឹមជាក់ែ,7_9.wav,16000
ធ្វើឲ្យយើងមានការពិបាកក្នុងការធ្វើដំណើរទៅមកៗ បាទ ហើយក៏មានការផ្ដល់ឲ្យ មានលក្ខណៈយឺត បាទ ព្រោះថាយើងចង់ទៅណាមួយ,ធ្វើអាយើងនឹងមានការពិបាកក្នុងការធ្វើដំណើរទៅមកទៅមកហើយក៏មានការផ្តល់ឱ្យដូចថាមានលក្ខណៈយឺត បានព្រោះថែយើងចង់ទៅណាមួយ,7_10.wav,16000
យើងមាន យើងចង់បានទៅទីនោះលឿន ប៉ុន្តែពេលដែលមានបញ្ហាលិចទឹកហើយ គឺវាធ្វើឲ្យយើងហ្នឹង បង្កើនភាពយឺតទៅវិញ បាទ បង្កើនភាពយឺតទៅវិញ,យើងចង់បានទៅទីនោះលឿន ប៉ុន្តែពេលដែលមានបញ្ហាលិចតឹងហើយ គឺវាធ្វើឲ្យយើងនឹងបង្កើនភាពយឺត្តន៍ទៅវិញបាន់បង្កើនភាពយឺត្តន៍ទៅវិញ,7_11.wav,16000
បាទ នៅក្នុងទីក្រុងភ្នំពេញ ក៏ដូចជានៅខេត្តសៀមរាប ប្រសិនជាមានភ្លៀងធ្លាក់មួយមេ ឬមួយក៏ពីរមេ,នៅក្នុងទីក្រុងភ្នំពេញក៏ដូចជានៅខេត្តសៀមរាប ពស្សិនជាមានភ្លាងធ្លាក់មួយមេរឬមួយក៏ពី,7_13.wav,16000
ដូច្នេះវាមិនមានផលល្អ ពេលដែលមានទឹកឡើង ឬមួយក៏ភ្លៀងខ្លាំងនោះទេ,ដូច្នេះវាមិនមានផល្អពេលមានទឹកឡើង នៅមួយក៏ភ្លៀងខ្លាំងនោះទេ,7_12.wav,16000
ហើយពេលដែលលិចទឹកនោះ គឺវាមិនបានផ្ដល់ចំណេញអីទេនៅទីក្រុង,ហើយពេលដែលលេចទឹកនោះវាគឺបានប្តល់ចំណេញឯកអីទេនៅទីក្រុម,7_16.wav,16000
ប៉ុន្តែវាបានបំផ្លាញទៅវិញ បាទ បំផ្លាញយ៉ាងមិច គឺ ពេលដែលភ្លៀងមក គឺវាបំផ្លាញផ្លូវ បាទ វាធ្វើឲ្យបាក់ផ្លូវ វាធ្វើឲ្យស្រុតដី បាទ វាធ្វើឲ្យយើងហ្នឹងយ៉ាប់ធ្វើដំណើរ បាទ,ប៉ុន្តែវាបានបំផ្លាញដែលវិញបំផ្លាញយ៉ាងមិចគឺពេលដែលភ្លាញមកគឺវាបំផ្លាញផ្លូវវាធ្វើអាចស្រដីបានវាធ្វើឲ្យយើងនឹងញាប់ធ្វើដំណើរបាន,7_17.wav,16000
ព្រោះថាពេលដែលមានភ្លៀងម្ដងៗ គឺមានលក្ខណៈ ដូចថានៅតំបន់ខ្លះ គឺវាលិចទឹក បាទ ហើយយើងយ៉ាប់ធ្វើដំណើរ,ព្រោះថាពេលដែលភ្លាងនងដង គឺមានលក្ខណៈដូចថានៅតំបន់ខ្លះគឺវាលេចទឹក ហើយយើងចាប់ធ្វើដំណើរ,7_15.wav,16000
គឺចាយលុយអស់ចំនួន ១០ ដុល្លារ អីអញ្ចឹងទៅ ដូច្នេះវាធ្វើឲ្យមានបញ្ហាក្រុមគ្រួសារ ជីវភាពក្នុងក្រុមគ្រួសារអីអញ្ចឹងទៅ,គឺចាយលុយអស់ចំនួនដល់ដុល្លារអ៊ីចឹងទៅ ដូច្នេះវាធ្វើឲ្យមានបញ្ហាក្រុមគ្រួសារជីវភាពក្នុងគ្រុមគ្រួសាយចាន់កៅ,7_29.wav,16000
ឧទាហរណ៍ថា យើង មួយថ្ងៃយើងរកលុយបានចំនួន ៥ ដុល្លារ ប៉ុន្តែក្រុមគ្រួសាររបស់យើងហ្នឹង,ឧទាហរណ៍ថាយើងមួយថ្ងៃយើងរលុយបានចំនួនប្រាំអាឡា ពិន្តែក្រុមគ្រួសាររបស់យើងហ្នឹង,7_28.wav,16000
ដូច្នេះគឺធ្វើឲ្យយើងហ្នឹង មានលក្ខណៈ ដូចថា ភ្លៀងខ្លាំងពីរ បីមេអីជាប់គ្នាអញ្ចឹងទៅ ធ្វើឲ្យយើងហ្នឹងមានការលំបាកមែនទែន,ដូចឆ្នេះគឺធ្វើឲ្យយើងនឹងមានលក្ខណៈដូចថាភ្លៀងខ្លាំងពីរពីរបៀបអីជ្រកគ្នាចឹងទៅធ្វើឲ្យយើងនៅមានការបើមែនទែន,7_14.wav,16000
ពេលដែលភ្លៀងវាមក វាបិទភ្នែកយើងជិត ពេលដែលយើងជិះម៉ូតូទៅ វាបិទភ្នែកយើងជិត យើងមិនអាចមើលម៉ូតូ នៅខាងមុខ ក៏ដូចជាឡាននៅខាងមុខ ដែលយើងនៅទីនោះឃើញទេ,ពេលដែលភ្លៀងមីមក វាបិទភ្នែកយើងជិតភ្នែកជិតភ្នែកជិតមិនអាចមើលមនៅក្ខាលមុខក៏ដូចជីឡានៃក្ខាល់មុខដែលយើងនៅទីនោះឃើញទេ,7_19.wav,16000
ព្រោះថាខែហ្នឹង យើងរកវាមិនសូវបាន បាទ យើងរកលុយវាមិនសូវបាន ហើយយើងចេះតែចំណាយច្រើន,ព្រោះថាខែនឹងយើងរវាមិនសូវបាន យើងរហូតលើសវាមិនសូវបានអត់យើងចេះតែចំណាយច្រើន,7_25.wav,16000
ដូច្នេះខ្ញុំសូមបញ្ចប់នូវការបកស្រាយ នូវរដូវភ្លៀងតែត្រឹមប៉ុណ្ណេះសិន បាទ សូមអរគុណ សូមជម្រាបលា,ដូចនះឆ្នេះ ខ្ញុំសូមបញ្ចប់នៅការបកស្រាយនៃរដោយភ្លាង ទៅត្រឹមដែលសន្តបានសូមអរគុណសូមជំរាបលា,7_31.wav,16000
បាទ  ហើយនៅខាងក្នុងក្រុងមួយទៀត គឺពេលដែលមានភ្លៀងម្ដងៗ គឺដូចថា ប្រជាជនភាគច្រើនគឺនៅផ្ទះ មានការងារអីដែលត្រូវធ្វើហ្នឹង គឺមិនបានភ្លាមៗនោះទេ គឺបង្អាក់ពេលវេលា,ហើយនៅខាងក្នុងក្រង់មួយទៀតគឺពេលដែលមានភ្លាងម្ដងៗគឺដូចថាប្រជាជនភាគចល់គឺនៅផ្ទះមានការងារអីរែត្រូវធ្វើនឹងគឺមិនបានភ្លាមៗនៅគឺបង្អាក់ពេលវេលា,7_30.wav,16000
បាទ  វាពិតមែនព្រោះថាខែគោ ខែពោះគោពោះក្របីហ្នឹង ប្រៀបធៀបទៅនឹង ដូចថា ខែភ្លៀងហ្នឹង គឺជាខែអត់ បាទ ខែអត់ឃ្លាន,វាពិតមែន ព្រោះថា ខែគោលខែពស្គួរៗនឹងភ្លៀបធៀបទៅនឹង ភ្លានហារគឺជាខែអត់ខែអត់ខែពលាន,7_24.wav,16000
ហើយដីវិញគឺថាទន់រអៀច បាទ ប្រឡាក់ជើងប្រឡាក់ដៃ អ្នកខ្លះក៏មានការគ្រោះថ្នាក់ចរាចរណ៍ដោយសារតែ ទឹកជំនន់ ឬមួយក៏ទឹកភ្លៀងនេះ,ហើយដីវិញគឺថាទុនល្អៀកអៀកបានប្រឡាក់ជើងប្រឡាក់ដាយបាន អ្នកខ្លះក៏មានការគ្រួសថ្នាក់ស្រាចរណ៍ដែលសារទឹកជំនន់ នៅមួយក៏ទឹកភ្លាងនេះ,7_18.wav,16000
បាទ ព្រោះថាឲ្យតែពេលភ្លៀងអញ្ចឹងយើងឃ្លាន យើងចេះតែញ៉ាំ,គាត់បានគាត់ថាអោយដើម្បីភ្លាងចឹងខ្លានច្រើនចេះទៅញើម,7_26.wav,16000
ប៉ុន្តែការរកចំណូល ការរកលុយរបស់យើង មានលក្ខណៈយឺត មានលក្ខណៈដូចថា យើងចាយច្រើនជាងចំណូលរបស់យើង,ប៉ុន្តែការរកជំណូលការរកលុយផងយើង គឺមានលក្ខណៈយើង មានលក្ខណៈអ៊ឹយថាយើងច្រើនជាងចំណូលរបស់យើង,7_27.wav,16000
ហើយមានពាក្យខ្មែរមួយឃ្លាទៀតនោះគេថា ខែភ្លៀងគឺជាខែពោះគោពោះក្របី,ហើយមានពាក្យខ្មែរមួយខ្លាន់ទៀតនោះគេថា ខែភ្លាងគឺជាខែពួកគោលពួកក្របី,7_23.wav,16000
បើសិនជាមានភ្លៀងធ្លាក់មក អញ្ចឹងការលក់ដូររបស់គេហ្នឹង នឹងមិនសូវដាច់ បាទ មិនសូវដាច់,ប្រសេងជាមានភ្លៀងធ្លាក់មក ចឹងការលក់ដូររបស់គេហ្នឹង និងមិនសូវដែលបានមិនសូវដែល,7_22.wav,16000
បាទ ហើយនៅទីក្រុង បាទ គឺថាមានលក្ខណៈយ៉ាប់មែនទែន ពេលដែលនៅទីក្រុង  ទាំងប្រជាជន អីនៅក្នុងទីក្រុង គឺមានលក្ខណៈយ៉ាប់ទាំងអស់ ព,ហើយនៅទីក្រុងមាននៅក្រដាក់នឹងយ៉ាប់មែនទែន ពេលដែលនៅទីក្រុងហើយយើងទាំងដូចថាប់ជាជនអីនៅក្រុងទីក្រុងគឺវានលក្ខណៈយ៉ាបទាំងអប់,7_20.wav,16000
រោះថាប្រជាជននៅខាងក្នុងទីក្រុងភាគច្រើនគឺគេធ្វើការ គឺគេប្រកបមុខរបរហើយនិងរកស៊ី បាទ ក៏ដូចជារកស៊ីពេលយប់ ឬមួយក៏ពេលថ្ងៃអញ្ចឹងទៅ,គូថាបញ្ជាជននៅខាងក្នុងទីក្រុងភាគច្រើនគឺគេធ្វើការគេពង្គប់បុគ្គល្បរហើញរ៉ូស៊ីបាន ក៏ដូចជារ៉ូស៊ីពេលយប្រឹមកពេលថ្ងៃអញ្ចឹងតែ,7_21.wav,16000
បាទ បើសិនជាយើងគិតថាវាធ្លាក់ភ្លៀងច្រើន វាធ្លាក់ភ្លៀងច្រើននៅចន្លោះខែ ខែសីហា និងខែតុលា បាទ រីឯខែតុលាវិញ មិនសូវជាមានធ្លាក់ភ្លៀងទេ,មើលសិនយើងគិតថាវិច្ចលក់ភ្នាញច្រើន វាធ្លានច្រើននៅចំន្លោះ ខែសីហា និងខែតុលា បាទ រាយឯងតុលាវិញមិនទៅជាមានចក្រើនភ្លាងទេ,7_4.wav,16000
បាទ ពេលដែលធ្លាក់ភ្លៀងអញ្ចឹង  វាផ្ដល់ផលប្រយោជន៍ ទៅឲ្យការដាំដុះស្រូវ បាទ ការដាំដុះស្រូវ ក៏ដូចជា ផលដំណាំផ្សេងៗ,ពេលដែលធ្លាក់ភ្លាងបញ្ចឹងខ្លានាក៏វាផ្តល់ផលប្រយោជន៍ទៅឲ្យការដាំដូសស្រូវគោះជាផលដំណាំផ្សេងៗ,7_5.wav,16000
បាទ វាធ្វើឲ្យនៅកន្លែងនោះលិចទឹក បាទ ស្អុយសំរាម បាទ ពេលដែលវាលិចទឹកអញ្ចឹងទៅសំរាមវាអណ្ដែតនៅលើទឹក អញ្ចឹងទៅធ្វើឲ្យស្អុយ,វាធ្វើឱ្យកន្លែងនោះលេចទឹកស្អុយសំរាមបានពេលដែលលេចទឹកចឹងទៅសំរាមវាអានដែលលើទឹកញឹកទៅធ្វើអីស្អុយ,7_7.wav,16000
ប៉ុន្តែវាផ្ដល់ផលអាក្រក់ទៅដល់សង្គម ដូចជានៅទីក្រុង បាទ ដូចជានៅទីក្រុង ក៏ដូចជានៅកន្លែងដែលអភិវឌ្ឍ,ប៉ុន្តែវាប្រលផលបានក្រក់ទៅដល់សង្គមដូចជានៅទីក្រង់បាន ដូចជានៅទីក្រង់ក៏ដូចជានៅកន្លែងដែលអភិវឌ្ឍន៍,7_6.wav,16000
បាទ រដូវភ្លៀងគឺមានលក្ខណៈ បាទ រដូវភ្លៀងគឺមានលក្ខណៈ ៣ ខែ បាទ រីឯ ៣ ខែទៀតមានលក្ខណៈធ្លាក់ខ្យល់ រីឯ ៦ ខែទៀតគឺមានលក្ខណៈសភាពក្ដៅហើយសើម,រដូវភ្លៀងគឺមានលក្ខណៈ រដូវភ្លៀងគឺមានលក្ខណៈ បីខែ បាម រាយបីខែទៀតមានលក្ខណៈធ្លាក់ខ្យរាអ្វាប្រមួយខែទៀតក៏មានលក្ខណៈសភាពក្តាយហើយសើម,7_2.wav,16000
បាទ រដូវភ្លៀងគឺចាប់ពីខែសីហា កញ្ញា តុលា បាទ តែ ៣ ខែទេ គឺមានលក្ខណៈធ្លាក់ភ្លៀងច្រើន,បាន រដូវភ្លាងគឺចាប់ពីខែសីហាកញ្ញាតុកឡាបាន តែបីខាងទេគឺមានអ្នកគណធ្លាក់ភ្លាងច្រើន,7_3.wav,16000
បាទ អាកាសធាតុនៅក្នុងប្រទេសកម្ពុជា គឺមានលក្ខណៈក្ដៅហើយសើម បាទ នៅក្នុងនោះដែរគឺគេបែងចែក រដូវក្ដៅហើយនឹងរដូវភ្លៀង,បាន អាកាសធាតុនៅក្នុងប្រទេសកម្ពុជាគឺមានលក្ខណៈក្តោយហើយសើម បាននៅក្នុងនោះដារគេបែងចែករដូវក្តៅហើយនិងរដូវភ្លាង,7_1.wav,16000
﻿សួស្តីមិត្តភក្តិទាំងអស់គ្នា ជួបជាមួយខ្ញុំម្ដងទៀតហើយនៅក្នុងការបកស្រាយអំពីរដូវភ្លៀង,សួរស្តេងមិនពេលទាំងអស់គ្នាជួបជាមួយខ្ញុំម្ដងទៀតហើយ នៅក្នុងការបកស្រាយអំពីរដៅភ្លាង,7_0.wav,16000
ហើយនេះគឺជាពេលវេលាមួយដែលខ្ញុំចូលចិត្ត គឺការចំណាយពេលជាមួយនឹងក្រុមគ្រួសារខ្ញុំ ហើយខ្ញុំស្រឡាញ់ក្រុមគ្រួសាររបស់ខ្ញុំដែរ,ហើយនៃគឺជាពេលវេលាមួយដែលខ្ញុំចូលចិត្ត ការចំណាយពេលជាមួយនឹងក្រុមគ្រួសារខ្ញុំហើយខ្ញុំស្រឡាញ់ក្រុមគ្រួសារបស់ខ្ញុំដែរ,6_27.wav,16000
នៅក្នុងដំបូលផ្ទះតែមួយ ញ៉ាំបាយជុំគ្នា មានម្ហូបក្ដៅៗ ហើយមានភ្លៀងធ្លាក់,នៅក្នុងដំបូរផ្ទះតែមួយញ៉ាំបាយជុំគ្នាមានបានហូតក្តៅក្តៅហើយមានភ្លៀងខ្លាក់,6_26.wav,16000
ហើយសូរសៀងសំឡេងភ្លៀងធ្លាក់បណ្ដើរហើយអាកាសធាតុត្រជាក់ ហើយយើងញ៉ាំសម្ល ហើយនឹងបានក្ដៅៗជុំគ្នា គឺជាពេលវេលាមួយដែល ធ្វើឲ្យខ្ញុំចងចាំ,ហើយលើស៊ើមស៊ូស៊ាងសំលែងភ្លៀងធ្លាក់បណ្តាហើយអាកាស់ស៊ីតទៅជាក់ហ្ញាំសំលារហ្នឹងបាយក្តែជុំគ្នាវិជ្ជាពីរវេលាមួយដែរធ្វើអាចខ្ញុំចង់ចាំ,6_24.wav,16000
ហើយអាកាសធាតុត្រជាក់ ហើយខ្ញុំចាំបានថាគឺយើងញ៉ាំបាយ គឺអង្គុយនៅលើផ្ទះ ហើយ បើកទ្វារ ហើយយើងមើលឃើញភ្លៀង,ហើយអាកាស៊ីដែលជែកហើយ ហើយភាញចាប់បានថាគឺយើងញ៉ាំបាយគឺអង្គុយលើផ្ទះ ហើយបានធ្វារជាមើលឃើញភ្លៀង,6_18.wav,16000
ហើយយើងអង្គុយនៅ[មក?]មាត់ទ្វារហ្នឹង គឺការញ៉ាំបាយគឺយើងអង្គុយនៅលើកន្ទេល,ហើយយើងគុយនៅមុខមាត់ធ្វាអ្នកគឺការញ៉ាំបាយគឺយើងគុយលើកកន្ទេ,6_19.wav,16000
ហើយជាពេលវេលាមួយ ដែលខ្ញុំចូលចិត្តចំណាយពេលជាមួយនឹងក្រុមគ្រួសារ ញ៉ាំបាយជុំគ្នាពេលល្ងាច ហើយយើងអស់គ្នាស្ថិតនៅជុំគ្នា,ហើយជាពេលវេលាមួយដែលខ្ញុំចូលចិត្តចំណាយពេលជាមួយនឹងក្រុមគ្រួសារញ៉ាំបាយជុំគ្នាពេលល្អាងាច ហើយយើងអស់គ្នាធិតនៅជុំគ្នា,6_25.wav,16000
អញ្ចឹងជាទូទៅ គឺយើងអង្គុយជារង្វង់ អង្គុយជារង្វង់ជុំវិញ ហើយអង្គុយនៅលើកន្ទេល នៅលើក្ដារ នៅលើផ្ទះ ហើយយើងស្ដាប់សូរភ្លៀង,ជិនជាទូទៅគឺជាអង្គុយជារង្វង់ អង្គុយជារង្វង់ជុំវិញហើយ អង្គុយលើកន្ទេន នៅលើក្ដាហ្ដារ គ្តែលើសផ្ទះ ហើយអើយស្ដាប់សុភ្លៀង,6_21.wav,16000
អញ្ចឹងអង្គុយនៅលើកន្ទេល ក្រាលលើក្ដារ ហើយអង្គុយបត់ជើងហើយញ៉ាំបាយជុំគ្នា,អញ្ចឹងអង្គុយលើកកន្ទទេ ក្រាល លើក្តាហើយអង្គុយបទជើង ហើយញ៉ាំបាយជួបមុខគ្នា,6_20.wav,16000
ហើយសម្លដែលខ្ញុំចូលចិត្តជាងគេគឺសម្លម្ជូរ ហើយខ្ញុំចូលចិត្តណាស់ ពេលដែលញ៉ាំបាយក្ដៅៗ សម្លក្ដៅៗ ហើយមានភ្លៀងធ្លាក់បណ្ដើរ គឺជាអ្វីមួយដែលខ្ញុំចូលចិត្ត,ហើយសម្លតអោយខ្ញុំចូលចិត្តជាងគេគឺសម្លាំជូរ ហើយខ្ញុំចូលចិត្តណាពេលដែលញ៉ាំបាយក៏ដៅសម្លាៗមានភ្លៀងធ្លាក់បណ្តាល គឺជាអ្វីមួយដែរ,6_22.wav,16000
ហើយខ្ញុំចូលចិត្តសម្លម្ហូបហឹរ ហើយហឹរ ហើយក្ដៅ ហើយមានភ្លៀងធ្លាក់ ហើយពេលដែលភ្លៀងធ្លាក់ហ្នឹងគឺភ្លៀងធ្លាក់តក់ៗ មកនៅលើដំបូល,ខ្ញុំជួយចិត្តសម្លរៗហើយហើរហើរហើយក្ខដៅហើយមានភ្លៀងធ្លាក់ហើយពេលដែលភ្លៀងធ្លាក់តក់មកនៅលើរំបូល,6_23.wav,16000
អញ្ចឹងគឺពេលដែលអាកាសធាតុត្រជាក់គឺខ្ញុំចូលចិត្តញ៉ាំអាហារដែលមានកម្ដៅ ដូចជាសម្ល   ដូចជាស៊ុប ដូចជាសម្ល ដែលក្ដៅៗ អញ្ចឹងខ្ញុំចូលចិត្តសម្លក្ដៅៗ,ចំណុចពេលដែលអាកាស៊ីដែលជាជាគឺខ្ញុំចូលចិត្តញំញាំអាហារដែលមានកម្ដៅជាសំលូរ ដូចជាសំលូរឯក្តែក្តែយ្យើងចូលចិត្តសំលូរក្តែក្តែ,6_8.wav,16000
ហើយពេលដែលមានភ្លៀងធ្លាក់ ហើយព្រឹត្តិការណ៍មួយគឺរៀងរាល់ពេលដែល,ហើយពេលដែលមានភ្លៀងធ្លាក់ហើយព្រឹត្តិការមួយគឺរាងរាល់ពេលដែរ,6_9.wav,16000
ព្រឹត្តិការណ៍មួយដែលខ្ញុំចងចាំ គឺពេលដែល នៅក្នុងរដូវវស្សា គឺធ្វើឲ្យយើងទទួលទានអាហារឆ្ងាញ់,ប៉ុន្តែការណ៍មួយដែលខ្ញុំចង់ចាំគឺពេលដែលក្នុងរដូវវស្សារធ្វើអាចទទួលទានអាហារឆ្ញាញ,6_7.wav,16000
ហើយពេលដែលមានរដូវភ្លៀងធ្លាក់ អាកាសធាតុគឺត្រជាក់ ហើយខ្ញុំតែងតែចាំបានថាខ្ញុំចូលចិត្តរដូវវស្សា ពេលដែលមានភ្លៀងធ្លាក់នៅពេលល្ងាច,ហើយពេលដែលមានរដូវភ្លៀងធ្លាក់ អាកាស៊ីគេត្រជាក់ ហើយខ្ញុំតែងតែចាំបានថា ខ្ញុំចូលចិត្តរដូវប្រាស្តាតពេលដែលមានភ្លៀងធ្លាក់នៅពេលល្ងាច,6_6.wav,16000
ហើយជាអ្វីមួយដែលកើតឡើងចំពោះខ្ញុំផ្ទាល់ពេលដែលខ្ញុំនៅកុមារ នៅក្មេង កាលពីនៅក្មេង,ហើយជាអ្វីៗការឡើងចំពោះខ្ញុំផ្ទាល់ពេលដែលខ្ញុំនៅកុមារណ៍នៅក្មេងបានការពីរនៅក្មេង,6_4.wav,16000
អញ្ចឹង រដូវវស្សាគឺយើងដឹងហើយថា គឺជារដូវដែលមានភ្លៀងធ្លាក់,ចឹងរដូវវើសាក៏និយាយនឹងហើយតាវជារដូវដែលមានភ្លាងធ្លាក់,6_5.wav,16000
អញ្ចឹងយើងបានដឹងហើយថានៅក្នុងប្រទេសកម្ពុជា រដូវមានពីរ គឺរដូវប្រាំង ហើយនឹងរដូវវស្សា,ជាជាជាបានដឹងហើយថា ដោយក្នុងប្រទេសកម្ពុជា រដូវមានពេលគឺរដូវប្រាំងហើយនឹងរដូវវស្សា,6_1.wav,16000
﻿សូមជម្រាបសួរ! នេះជាការពិពណ៌នា ទៅលើរដូវវស្សា,សម្ចម្រៀកសួរនាជាការពិពពតិនេះលុំទៅលើរដូវវាសា,6_0.wav,16000
ហើយក្នុងការពិពណ៌នានេះ គឺខ្ញុំនឹងនិយាយអំពីរដូវវស្សា,ហើយក្នុងវិបនិយាយពីរដូចវស្សា,6_2.wav,16000
ហើយការនិយាយនេះ គឺទាក់ទងទៅនឹង ការចងចាំព្រឹត្តិការណ៍ដែលកើតឡើងនៅក្នុងរដូវវស្សា,ហើយការនិយាយនេះគឺទាក់ទើងទៅនឹងការជងចាំវិតការដែលកើតឡើងនៅក្នុងរក់ដែលវិស្សា,6_3.wav,16000
ហើយពេលដែលយើងញ៉ាំអាហារបណ្ដើរ ហើយមានភ្លៀងធ្លាក់បណ្ដើរ គឺជាពេលមួយដែលខ្ញុំចូលចិត្តមែនទែន,ហើយពេលដែលយើងញ៉ាំអាហារបណ្ដាល ហើយមានភ្លៀងធ្លាក់បណ្ដាល គឺជាពារមួយដែរ ខ្ញុំចូលចិត្តមានទែន,6_12.wav,16000
ហើយគឺនៅក្នុងប្រទេសកម្ពុជា ជាពិសេសក្នុងគ្រួសារខ្ញុំផ្ទាល់ គ្រួសារខ្ញុំស្ថិតនៅក្នុងជនបទ នៅក្នុងតាមខេត្ត គឺស្ថិតនៅក្នុងខេត្តកំពង់ចាម,ហើយគឺនៅក្នុងប្រទេសកម្ពុជាជាពិសេសក្នុងគ្រួសារខ្ញុំផ្ទាល់គ្រួសារខ្ញុំថាត់នៅក្នុងជនបទនៅខាតគឺនៅក្នុងខេត្តកំពង់ចាំ,6_13.wav,16000
ពេលដែលភ្លៀងនៅពេលល្ងាចគឺ បន្ទាប់ពីយើងរៀបចំអាហារពេលល្ងាចរួច ហើយមានភ្លៀងធ្លាក់,ពេលដែលភ្លៀងនៅពេលល្ងាច គឺមិនទាប់ពេញយើងរៀបចំអាហារពេលល្ងាចរួច ហើយមានភ្លៀងធ្លាក់,6_11.wav,16000
ជាទូទៅគឺមានភ្លៀងធ្លាក់ច្រើនណាស់ គឺភ្លៀងធ្លាក់ខ្លាំង មានទឹកធ្លាក់យ៉ាងខ្លាំង ហើយនៅពេលល្ងាច ជាពិសេសខ្ញុំចូលចិត្តភ្លៀងនៅពេលល្ងាច,ជាទូរតែគឺមានភ្លែងធ្លាក់ច្រើនណាស់គឺភានធ្លាក់ខ្លាំងមានទឹកធ្លាក់យ៉ាងខ្លាំងហើយនៅពេលល្ងាច ជាពិសេសខ្ញុំចុចចិត្តភ្លែងនៅពេលល្ងាច,6_10.wav,16000
ហើយខ្ញុំក៏សូមបញ្ចប់ការពិពណ៌នាទៅលើការចងចាំនាពេលកាលពីខ្ញុំនៅតូច គឺការ ញ៉ាំបាយជុំគ្នាជាមួយក្រុមគ្រួសារ នៅរដូវវស្សា,ហើយគ្ញុំក៏សុមបញ្ចប់ការពិព័ត៌នាទៅលើការចងចំចាំនែពេល ការពិខ្ញុំដៅតូច គឺការជកញាំបាយជំគ្នាជាមួយក្រុមគ្រួសារនៅរដូវវាសា,6_28.wav,16000
ហើយជាខេត្តមួយដែលមានចម្ងាយប្រហែលជា ៣ ម៉ោងពីទីក្រុងភ្នំពេញ បើយើងធ្វើដំណើរតាមឡាន   ឬក៏ឡានឈ្នួល គឺមានរយៈពេល   ប្រហែលជា ៣ ម៉ោង,ហើយជាខេត្តមួយដែលមានចម្ងាយប្រហែលជាបីម៉ោងពីទីក្រុងភ្នំពេញ បើយើងធ្វើដំណើរតាមឡាន គឺឬក៏ឡាន់? ឆ្នួល គឺឡាន់គឺមានអាយក្សពីបីបានជាបីម៉ោង,6_14.wav,16000
អញ្ចឹងបើយើងជិះតាមឡាន គឺមានរយៈពេលប្រហែលជា ៣ ម៉ោង ធ្វើដំណើរពីទីក្រុងភ្នំពេញ  មកកាន់ផ្ទះខ្ញុំនៅខេត្តកំពង់ចាម,ជាមវិជ្ជិះតាមឡានគឺជាបានជាបីមកធ្វើដំណើរពីទីក្រុងផ្នំពេញមកខ្នងមកកាន់ផ្ទះខែតកំពង់ចាន់,6_15.wav,16000
ហើយមានភ្លៀងធ្លាក់បណ្ដើរ ញ៉ាំបាយជុំគ្នាបណ្ដើរ ហើយខ្ញុំក៏សូមបញ្ចប់ការពិពណ៌នានេះដោយប៉ុណ្ណេះដែរ សូមអរគុណ,ហើយមានភ្លៀងធ្លាក់បណ្ដាលញ៉ាំបាយជុំគ្នាបណ្តាហើយខ្ញុំក៏សុំបញ្ចប្រពីព័ត៌រណានេះដោយប៉ុណ្ណេះដែរសមអគន់,6_29.wav,16000
ហើយពេលដែលយើងញ៉ាំបាយជុំគ្នាពេលល្ងាច មានភ្លៀងធ្លាក់បណ្ដើរ ហើយស្ដាប់ភ្លៀង ហើយមានភ្លៀងធ្លាក់,ហើយពេលដែលយើងញ៉ាំបាយជុំគ្នាពេលលេងងាច មានភ្លៀងធ្លាក់បណ្ដាលស្ដាប់ភ្លៀងហើយមានភ្លៀងធ្លាក់,6_17.wav,16000
ហើយខ្ញុំចូលចិត្តរដូវវស្សា ពេលដែលយើងជួបជុំក្រុមគ្រួសារ ញ៉ាំបាយជុំគ្នានៅពេលល្ងាច,ហើយគ្នាមចុចចិត្តដូចវិស្សាពេត្តិយើងជួបជុំក្រុមគ្រួសារញ៉ាំបាយជុំគ្នានៅពេលល្ងៀង,6_16.wav,16000
ហើយការសំពះជាទូទៅគឺមាន ៥ បែប គឺមានន័យថាការសំពះគឺបង្ហាញអំពីឋានៈ ឬក៏កាលៈទេសៈ ឬក៏ពេលវេលាខុសគ្នា,ហើយការសម្ពះជាទូទៅគឺមានប្រាំបែប គឺមានន័យថា ការសម្ពះគឺបង្ហាញពីរដ្ឋានាក់ឬកាលៈទេសាក់ឬក៏ពេលវេលាយខុសគ្នា,1_12.wav,16000
ហើយ ក្នុងនោះការសំពះគឺមាន ៥ បែប អញ្ចឹងគឺយើងប្រើការសំពះនេះ,ហើយក្នុងនោះការសម្បៀសក៏មានប្រាំបែប ជើងគឺយើងប្រើការសម្ពះនេះ,1_13.wav,16000
ហើយការសំពះក៏ប្រើសម្រាប់ពេលដែលយើងធ្វើខុស ឧទាហរណ៍ថាក្មេងឬ ក៏អ្នកណាម្នាក់ធ្វើខុស,ហើយការសម្ពះ កូប្រើសម្រាប់ពេលដែលយើងធ្វើខុស ឧទ្យារហូតថាក្មេង ឬក៏អ្នកណាមម្រាក់ធ្វើខុស,1_8.wav,16000
អ្នកដែលខ្ពស់ជាងគេគឺព្រះ បន្ទាប់មកទៀតគឺស្ដេច ឬក៏ព្រះសង្ឃ បន្ទាប់មកទៀតគឺឪពុកម្ដាយ,អ្នកដែលខ្ពស់ជាងគឺព្រះ បន្តបន្ទៀតគឺស្តាត ឬក៏ព្រះសង់ បន្តបន្ទៀតគឺអាពុកម្តាយ,1_39.wav,16000
ßឬក៏អ្នកណាដែលធ្វើការល្អសម្រាប់យើងគឺយើងដឹងគុណ គឺ អរគុណ គឺសំពះអរគុណ,ដូចគុយអ្នកណាដែលធ្វើការល្អសំរាប់យាងគឺយើងដឹងគុណគឺអស់គុណគឺសម្ពះអស់គុណ,1_11.wav,16000
ហើយមួយទៀត គឺយើងសំពះនៅពេលដែលយើងអរគុណ ដឹងគុណពេលអ្នកណាឲ្យរបស់,ហើយមួយធ្វើគឺយើងសំពេលពេលដែលយើងអរគុណ ដឹងគុណពេលអ្នកណាអោយ,1_10.wav,16000
គឺមានលក្ខណៈ ៥ បែបដែលប្រើក្នុងកាលៈទេសៈខុសគ្នា គឺសំដៅទៅលើអ្នកដែលតាមឋានៈខុសៗគ្នាអញ្ចឹង,ក្នុងគឺមានអ្នកខ្នាក់ប្រាំបែបដែលប្រើក្នុងគាត់សក្សខុសគ្នាគឺសម្តាយទៅលើអ្នកដែនទៅតាមថានៈខុសខុសគ្នាអញ្ចឹង,1_38.wav,16000
គឺយើងប្រើការសំពះនេះដែរ គឺបង្ហាញអំពីការសោកស្ដាយ ការសុំទោស សំពះ,គឺជាងប្រើការសម្ពះនេះដាយ គឺបង្ហាញពីការសោកស្ដាលអីការសមទស្សន៍,1_9.wav,16000
គឺសម្រាប់បង្ហាញអំពីទី ១ យើងដឹងហើយសំពះគឺដើម្បីជួបគ្នា សំពះជម្រាបសួរ សំពះសុំទោស សំពះអរគុណ,គឺសម្រាប់បង្ហាញអំពីទីមួយ និងដឹងអាចថាសម្ពេះគឺដើម្បីជួបគ្នាសម្ពេះជម្រៀកផ្សួរ សម្ពះសម្តូរសម្ពេះអរគុណ,1_14.wav,16000
គឺដៃទាំងសងខាង នឹងគឺត្រឹមតែច្រមុះទេ គឺត្រឹមច្រមុះ សំពះស្ដេច ឬក៏ព្រះសង្ឃ,គឺដៃទាំងសោងខាងហ្នឹងគឺត្រឹមតែជ្រាំរមាសនោះទេ គឺត្រឹមជំរម៉ោះ គឺសិនពេះស្ដាចរីកូប្រះសង់,1_28.wav,16000
ហើយសំពះមួយទៀតពេលដែលយើងសំពះឪពុកម្ដាយ គ្រូ បងប្អូន ឬក៏អ្នកដែលមានវយចំណាស់ជាងដូចជា,ហើយសម្ពែរមួយទៀតពេលដែលយើងសម្ពាក់ឲ្យពុកម្ដាយគ្រូបងប៉្អូននាក់ដែលមានអញ្វីចំណាសជាង,1_29.wav,16000
តែការសំពះនេះផងដែរគឺមាន ៥ បែប គឺមានន័យថាបង្ហាញអំពីកាលៈទេសៈ ៥ ខុសគ្នា,តែការសម្ពះនេះផងដែរ មានប្រាំបែប គឺមានន័យថាបង្ហាញញាំពីកាលៈតែសៈខុសគ្នា,1_15.wav,16000
ហើយពេលដែលយើងលើកដៃកាន់តែខ្ពស់ អញ្ចឹងគឺជាការសំពះព្រះ ឬក៏គ្រឿងសក្ការបូជាផ្សេងៗ,ហើយពេលដែលយើងលឺដែលកាន់ដែលខ្ពស់ ជាងវាដូចជាការសម្ពស្រះ ឬក៏គ្រឿងសការាក់បូរជាផ្សេងៗ,1_17.wav,16000
ទី ១ ការសំពះគឺ យើងប្រើម្រាមដៃទាំងសងខាង គឺយើងប្រើបាតដៃទាំងសងខាងនិងផ្គុំចូលគ្នា អញ្ចឹងគឺសំពះ គឺ លើកដៃទាំងសងខាង ដែលយើងផ្គុំចូលគ្នា និង,ទី១. អ្វីការសម្ពះគឺជាងប្រើមរាបដៃទាំងសង្ខាង គឺយើងប្រើបដែលទាំងសង្ខាងហ្នឹង ព្គុំចូលគ្នាជាងគឺសង្ពះគឺលើកដៃទាំងសង្ខាងដែលយើងផ្គុំចូលគ្នាហ្នឹង,1_16.wav,16000
ហើយខ្ញុំក៏សូមបញ្ចប់ទៅការពិពណ៌នាទៅលើការសំពះនៅក្នុងប្រទេសខ្មែរនេះ ដោយប៉ុណ្ណេះដែរ សូមអរគុណ,ហើយខ្ញុំក៏សុម្បញ្ចប់ទៃកាលពីពព័ត៌រិននាទៅលើការសម្ពាស់ដែលក្នុងប្រទេសខ្មែរហ្នេសដោយប៉ុណ្ណេះដែលដែលសុំអរគុណ,1_42.wav,16000
ហើយនឹងចុងក្រោយគឺអ្នកដែលមានឋានៈទាបជាងយើង ឬក៏អ្នកដែលមានអាយុតិចជាងយើង,ហើយនឹងចង់ក្រោយគឺអ្នកដែលមានថានាក់ទាបជាងយើងរាក់គូនអ្នកដែលមានអាយុត្តិចជាងយើង,1_41.wav,16000
ឬក៏អ្នកដែលមានអាយុច្រើនជាង ជីដូនជីតា ឪពុកម្ដាយ បន្ទាប់មកទៀតអ្នកដែលមានឋានៈស្មើយើង ឬក៏អាយុស្មើយើង,ដែលគាត់អ្នកដែលយុច្រើនជាងជាដងជួរតាប្រដាយ ដល់មិនទៀតអ្នកដែលមានដាក់ស្មើរយើង ឬក៏អាយុស្យស្មើរយើង,1_40.wav,16000
ហើយការសំពះគឺជាវិធីមួយ ឬក៏មធ្យោបាយមួយដែលសម្តែងនូវការអរគុណ ឬក៏ការជម្រាបសួរ អញ្ចឹងគឺក្នុងការពេលដែលជួបគ្នា,ហើយការសម្ពះជាវិធីមួយរាករកម្យូបាយមួយដែលសំប្បានឯងនៅការអរគុណរាករាកជម្រាបស៊ួរ អញ្ចឹងគឺក្នុងការពេលដែលជួបគ្នា,1_2.wav,16000
គឺស្ដេចគឺមានខ្ពស់បំផុតបន្ទាប់ពីព្រះមកគឺស្ដេច ហើយស្ដេចហើយនិងព្រះសង្ឃ ស្ដេចនិងព្រះសង្ឃ,គឺស្ដែកមានអានអាចខ្ពស់បំផុសបន្ទាប់ពីប្រះវ៉ាស់គឺស្ដេច ហើយស្ដេវហ្នឹងព្រះសង់ ចាំងព្រះសង់,1_27.wav,16000
អញ្ចឹងសំពះនឹងគឺត្រឹមចង្កា ក្រោមពីមាត់[…]ត្រឹមចង្កា ដៃទាំងសងខាងគឺសំពះត្រឹមចង្កា,ចឹងសំពះហ្នឹងគឺត្រឹមចង្ការគឺតែក្រោមពីមាននែកត្រឹមចង្ការដៃទាំងសង្ខាងគាត់សំពះចង្ការ,1_33.wav,16000
ហើយសំពះមួយទៀត មួយបែបទៀតគឺ បង្ហាញពីឋានៈតួនាទីដែលគឺ សំពះអ្នកដែលមានឋានៈទាប ឋានៈប្រហែលយើង គឺអ្នកដែលមានអាយុស្មើយើង ឬក៏ឋានៈឋានៈដូចយើងដែរ,ហើយសម្ពះមួយទៀត មួយបែបទៀតគឺបង្ហានពីរថានៈទូននិរទីដែលគឺសម្ពះអ្នកដែលមានធ្នាក់ទៀតស្នាក់ប្រហែយើង គឺអ្នកដែលមានអាយុស្ស្មើរយើង ឬក៏ថានាក់ប្រហាក់ប្រហែកដល់ជើងដែរ,1_32.wav,16000
ហើយសំពះមួយទៀតគឺពេលដែលយើងសំពះស្ដេច ឬក៏ព្រះសង្ឃ អញ្ចឹងស្ដេចក៏ជាអ្នកដែលមានឋានៈខ្ពស់ដែលក្នុងប្រទេសខ្មែរ,ហើយសំពែរមួយទៀតគឺវាដែលយើងសំពែរស្តាច់ ឬក៏ព្រះសោង ចឹងស្តាច់គោជននាក់ដែលមានថានគ្ពោះអាចក្នុងប្រទេសខ្មែរ,1_26.wav,16000
ប្រជាជនខ្មែរគឺការជួបគ្នាគឺប្រើប្រាស់ការសំពះ អញ្ចឹងគឺការសំពះដែលបង្ហាញអំពីអត្ថន័យ,ប្រជាជនខ្មែរ គឺការជួបគ្នាគឺការប្រាស់ការសម្ពាក់ចឹងគឺការសម្ពាស់ ដែលបង្ហានវាក់ទៅន័យ,1_3.wav,16000
ពាក្យថា សំពះ គឺមានន័យថាគឺជាការដែលយើងលើកដៃទាំងសងខាង លើកដៃប្រណមផ្គុំគ្នាហើយលើកមកខាងលើ,ពាក្យថាសម្ពាស់ គឺមានន័យថា គឺជាការដែលយើងលើកដៃទាំងសង្ឃាងលើកដៃប្រណាំគមន៍គ្នាហើយលើកប្ខាងលើក,1_1.wav,16000
អញ្ចឹងគឺសំពះ សំពះព្រះ សំពះព្រះដូចជាព្រះពុទ្ធ ឬក៏ការបន់ស្រន់ បួងសួង ឬក៏វត្ថុសក្តិសិទ្ធ វត្ថុសក្តិសិទ្ធនឹងគឺសំដៅទៅលើអប្បិយជំនឿ,និយាយង្គឺសម្ពាស់ប្រាស់ សម្ពាស់ប្រាស់រជាព្រាស់ព្រះពត្រាស់ ឬក៏ការបងស្រន្តបួនសួង ឬក៏របស់ថុសសាកសិត វត្តុសាកសិតនឹង គឺសម្ដៅទៅលើបីជំនឿ,1_18.wav,16000
ជីដូនជីតា ឪពុកម្ដាយ អ្នកដែលមានវ័យចំណាស់ជាង បង អញ្ចឹងអ្នកទាំងអស់គឺមានអាយុច្រើនជាងយើង,ជាដូងជីតាអោយពុកម្ដាយ អ្នកដែលមានវិញចំណាស់ជាងបងប្អៗបង អញ្ចឹងទាំងអស់គឺមានយុស្សឆ្ដើនជាងយើង,1_30.wav,16000
ជាទូទៅ ពេលដែលយើងប្រើសម្រាប់ថ្វាយបង្គំព្រះ ឬក៏វត្ថុសក្តិសិទ្ធ ឬក៏អប្បិយជំនឿផ្សេងៗការបន់ស្រន់,ជាទៅពេលដែលយើងប្រើសម្រាប់ការធ្វើបង្គមប្រាស់ ឬក៏ធ្វើសាកសិទ្ធិក៏អភ័យជំនឿផ្សេងៗរឿងការបន់សន្ត,1_24.wav,16000
គឺសំពះគឺលើកដៃទាំងសងខាងគឺខ្ពស់មកដល់ថ្ងាស,គឺសម្ពះលើដែលចង់សំខាន់គឺខ្ពស់មកដល់ថ្ងៃ,1_25.wav,16000
អញ្ចឹងដៃគឺមកត្រឹមមាត់ ដាក់មកត្រឹមមាត់ ការសំពះដៃទាំងសងខាងគឺដាក់មកត្រឹមមាត់,គឺជឹងដៃគឺមកត្រឹមម៉ាត់ គាត់សំពះដែលរឹងសង្ខាងគឺដាក់ត្រឹមម៉ាត់,1_31.wav,16000
ដូចជាការជឿទៅលើអ្វីមួយ ជឿថាដែលអាចនិងជួយបាននិងគឺ ការបន់ស្រន់,ក៏ជាការជាគឺទៅលើអ្វីមួយអញ្ចឹងជួយវានឹងការបន់ស្រល់,1_19.wav,16000
សូមជម្រាបសួរនេះជាការពន្យល់ទៅលើអត្ថន័យនៃការសំពះនៅក្នុងប្រទេសខ្មែរ,សង្វចំនាញ់សួរនិយាយជាការពន្យល់ទៅលើអត្តណីនៃការសំពះរំនៅក្នុងប្រទេសខ្មែរ,1_0.wav,16000
បង្ហាញពីការជម្រាបសួរ ជួបគ្នាជាលើកដំបូង ឬក៏ការស្វាគមន៍គ្នាគឺសំពះ,បង្ហាញពីការជម្រាបស៊ួស ជួបគ្នាជាលើដំបូង ឬក៏ស្វាគមន៍គ្នាគឺសម្ពះ,1_4.wav,16000
ដូចជាប្អូន ឬក៏ក្មេងៗ ឬក៏អ្នកដែលមានឋានៈតួនាទីក្នុងសង្គមទាបជាងយើង គឺសំពះនៅត្រឹមដើមទ្រូង,ដែលជាប៉ូន នៅកូរក្មេងៗ រាក់ដែលមានថ្នាក់ទូនាតិក្នុងសង្គមម៉ងទាបច្រាញ់យើងគឺសម្ពាធន៍ដែលមត្រូង,1_35.wav,16000
អប្បិយជំនឿគឺជាការជឿទៅលើអ្វីមួយដោយមិន មិនបានដឹងពិតប្រាកដ,អាព័យជំនឿគឺជាការជឿនលើអ្វីមួយដោយមិនដោយមិនបានដឹងពុទ្ធប្រាករណ៍,1_21.wav,16000
អញ្ចឹងដូចជា ប្រជាជនខ្មែរ ពេលដែលគាត់ចង់បានអ្វីមួយ គាត់បន់ស្រន់ គាត់មានជំនឿ ឬក៏យើងហៅថា អប្បិយជំនឿ,អញ្ចឹងដូចជាប្រជាជនខ្មែរពេលអីគាត់ចង់ដាវីគាត់បន់ស្រសន់ គាត់មានជំនឿ ឬក៏យាងហារថាអភ័យជំនឿ,1_20.wav,16000
ហើយសំពះចុងក្រោយគឺសម្រាប់អ្នកដែលមានឋានៈតួនាទីទាបជាងយើង ឧទាហរណ៍អ្នកដែលមានអាយុតិចជាងយើង,ហើយសម្ពេសចង់ក្រាយគឺសម្រាប់អ្នកដែលមានថានាក់ទស្សនាទីបជាងយើង វាទារហូតែមានអាយុតិចជាងយើង,1_34.wav,16000
ហើយការសំពះក៏ប្រើសម្រាប់ការសុំទោស  ក៏យើងប្រើសំពះ អញ្ចឹងគឺការសំពះ គឺជាការដឹងគុណ ហើយនឹងបង្ហាញអំពីការសុំទោស,ហើយការសម្ពេះគុបត្រាវសម្រាប់ការសម្ពទោស គុលគ្រាងប្រាល់សម្ពាស់ ជាមិនគឺការសម្ពេះ គឺជាការដឹងគុណហ្នឹងបង្ហាជាមីការសម្ពទោស,1_5.wav,16000
អញ្ចឹង ការសំពះគឺប្រើក្នុងឱកាសដូចជា ការជួបគ្នា ជម្រាបសួរ ជួបគ្នា រាក់ទាក់ស្វាគមន៍គ្នា គឺសំពះ,ចឹងការសម្ពះគឺប្រើក្នុងអស់ការដូចជាការជួបគ្នា ជម្រាបស៊ួរជួបគ្នារដែលស្វាគមន៍គ្នាគឺសម្ពះ,1_7.wav,16000
មានន័យថា អប្បិយជំនឿជឿទៅលើរបស់សក្តិសិទ្ធ ឬក៏ពេលខ្លះយើងជឿទៅលើព្រះពុទ្ធសាសនា អញ្ចឹងការបន់ស្រន់,អាព្រោះជាមនុស្សជាមនុស្សជាមនុស្សជារលើរបស់សាកសិទ ឬក៏ពេលខ្លះជាយើងជាទៅលើប្រាស់ពុទ្ធសារស្នាចឹងការបន់ស្លន់,1_22.wav,16000
អញ្ចឹងសរុបសេចក្ដីមកគឺការសំពះនៅក្នុងប្រទេសខ្មែរ គឺបង្ហាញអំពី គឺបង្ហាញ គឺប្រើសម្រាប់ការជួបគ្នា ការស្វាគមន៍គ្នាដូចជា ការសំពះជម្រាបសួរ សំពះជម្រាបលា,យើងសារដប់ស្ដេចក្តីបោះគឺ ការសម្ពេសនៅក្នុងប្រទេសខ្មែរ គឺបង្ហាញអំពីរ គឺបង្ហាញ គឺប្រើសម្រាប់ការជួបគ្នា ការស្វាកុំគ្នា ដូចជាការសម្ពេះជំរាបលា,1_36.wav,16000
ហើយសំពះពេលដែលយើងអរគុណ ហើយនិងសំពះពេលដែលយើងសុំទោស ហើយការសំពះនេះទៀតគឺប្រើ,ហើយសំពះពេលដែលយើងអគុណហើយនឹងសំពេលពេលដែលយើងសប្បតូរ ហើយការសំពះនេះទៀតគឺប្រែ,1_37.wav,16000
ការថ្វាយបង្គំព្រះ គឺការសំពះនេះ គឺដៃទាំងសងខាងលើកទៅដល់ថ្ងាសលើកឲ្យខ្ពស់ទៅដល់ថ្ងាស អញ្ចឹងគឺបង្ហាញអំពី ការសំពះនិងគឺ,ការធ្វើអាចមួយការបង្គមព្រះ គឺការសម្ពាក្យនេះ គឺដៃទាំងសោងខាងលើតផ្ដល់ថ្ងៃលើកខុស្សមកដល់ថ្ងៃអារចាន់គឺបង្ហាញញណ្ពីការសម្ពាះនេះគឺ,1_23.wav,16000
ហើយនិងការជម្រាបសួរ ចាស រាក់ទាក់គ្នាការជម្រាបសួរ ការដឹងគុណ អរគុណ ហើយនិងការសុំទោស,ហើយសំហើយនឹងការចម្រាបស៊ួរ រាក់ទាក់គ្នាការចម្រាបស៊ួរ ការដឹងគុណអរគុណ ហើយនឹងការសមទោស,1_6.wav,16000
គឺខ្ញុំជិះកង់ទៅសាលាវិទ្យាល័យរបស់ខ្ញុំ ដោយសារសាលាវិទ្យាល័យរបស់ខ្ញុំមានចំងាយរហូតទៅដល់ ៧ គីឡូម៉ែត្រ,រឿងខ្ញុំជិះកង់ ទៅសាលាវិទ្យាល័យរបស់ខ្ញុំ ដោយសាលវិទ្យាលាយរបស់ខ្ញុំមានចំងាយរហូតទៅដល់ប្រាំពីរគ្រីឡូម៉ែរ,10_7.wav,16000
ហើយចំណែកខ្ញុំគឺត្រូវធ្វើដំណើរដោយជិះកង់ ហើយសាលារបស់ខ្ញុំគឺធំជាងពីមុន,តែចំណាយខ្ញុំគឺត្រូវដំណាស់ដែលជិះកម្មសាលរបស់ខ្ញុំគឺធំជើងពីមុន,10_17.wav,16000
ហើយមានសិស្សតែមួយចំនួនដែលផ្ទះរបស់ពួកគាត់ស្ថិតនៅក្បែរសាលារៀន ហើយគាត់អាចដើរទៅកាន់វិទ្យាល័យបានដូចដែរ,ហើយមានសេសតែមួយចំនួនទេសដែលផ្ទះរបស់ពួកគាត់ធឹតនៅក្បាយសាលារៀនហើយគាត់អាចដើរទៅកម្មវិទ្យាល័យបានរដែរ,10_16.wav,16000
អញ្ចឹងគឺឪពុកម្ដាយរបស់ខ្ញុំបានទិញកង់ថ្មីឲ្យខ្ញុំមួយ នៅពេលដែលខ្ញុំចប់ បញ្ចប់ថ្នាក់បឋមសិក្សា,ចឹងគឺពុកម្ដាយរបស់ខ្ញុំមានទិញកម្មណ៍ថ្មីខ្ញុំមួយចាំពេលដូចខ្ញុំចប់ខ្ញុំចប្រធម្មត្តិចធំសិក្សា,10_6.wav,16000
ហើយវិទ្យាល័យរបស់ខ្ញុំគឺនៅឆ្ងាយពីផ្ទះ គឺមានចំងាយរហូតដល់ ៧ គីឡូម៉ែត្រ មានចំងាយឆ្ងាយ ហើយវាមិនអាចធ្វើដំណើរដោយថ្មើរជើងបាននោះទេ,ហើយវាច្រាល័យរបស់ខ្ញុំគឺនៅឆ្ងើយវាផ្ទះគឺមានចម្ងាយហូតដល់ ប្រាំពីរគីឡូម៉ែត្រ ហើយគឺមានច្រាប់យើងចម្ងាយឆ្ងើយដែលហើយវាមិនអាចធ្វើដំណើរដែលធ្មើនជើងបាន,10_4.wav,16000
អញ្ចឹងគឺវិទ្យាល័យរបស់ខ្ញុំគឺស្អាតជាង ហើយមានមនុស្សច្រើនជាង គឺអាគារនោះគឺធ្វើពីថ្ម ហើយមានសួនច្បារ មានដើមឈើនៅក្នុងសាលារៀន,ហើយចឹងគឺជាល័យរបស់ខ្ញុំគឺស្អាតជាង ហើយមានមនុស្សច្រើនជាងគឺមានធ្វើភាគម្នុងមានសួនច្បារ មានដើម្ភឈើនៅក្នុងសាលារៀន,10_14.wav,16000
ហើយមានកង់ជាច្រើនដែលសិស្សទាំងអស់ សិស្សានុសិស្សទាំងអស់ ទាំងសិស្សប្រុស ទាំងសិស្សស្រី ភាគច្រើនគឺជិះកង់ទៅសាលារៀនដូចគ្នា ដូចខ្ញុំដែរ,ហើយមានកងជាច្រើនដែលស៊ើចទាំងអស់ ស៊ើសសារលោះស៊ើរទាំងអស់ ចាំស៊ើសប្រុស្តែស៊ីភាគច្រើន គឺជិះកង់ទៅសាលាររាជនដូចគ្នារដូចខ្ញុំដែរ,10_15.wav,16000
ហើយពេលដែលខ្ញុំទៅសាលា នេះគឺជាការចាប់ផ្ដើមនៃការដែលខ្ញុំត្រូវធ្វើដំណើរដោយកង់,ហើយពេលដែលខ្ញុំទៅសាលា និងគឺជាការចាប់ផ្ដើម ដែលការដែលខ្ញុំត្រូវធ្វើដំណើរដោយ,10_5.wav,16000
កាលពីមុនខ្ញុំបានរៀននៅសាលាបឋមសិក្សា ពីថ្នាក់ទី ១ រហូតដល់ថ្នាក់ទី ៥ ហើយសាលាបឋមសិក្សារបស់ខ្ញុំគឺនៅក្បែរផ្ទះ,កាលពីមុនខ្ញុំបានរាននៅសាលាមបន្ធំមិនសិក្សាពីថ្នាក់ទីមួយ ដ៏ដល់ថ្នាក់ទី៥ ហើយសាលាមបន្ធំសារដ៏បស់ខ្ញុំគឺនៅក្បែរផ្ទះ,10_1.wav,16000
ត្រូវធ្វើដំណើររយៈពេលយូរ ហើយត្រូវធ្វើដំណើរដោយមធ្យោបាយជិះយន្តជំនិះ គឺជិះកង់ពីផ្ទះទៅសាលារៀន ហើយមួយទៀតគឺសាលាគឺក៏លក្ខណៈខុសគ្នាដែរ,ធ្វើដំណើររយៈពីយូរ អាចត្រូវធ្វើដំណើរមស្យោបាយជាជាងជាមួយជិះគាំងពីផ្ទះតែសាលារៀន ហើយមួយទៀតគឺសាលារគឺគ្រលក្ខណៈខុសគ្នាដា,10_11.wav,16000
អញ្ចឹង គឺជាការផ្លាស់ប្ដូរមួយយ៉ាងខ្លាំង ពីថ្នាក់បឋមសិក្សា ហើយប្ដូរទៅកាន់ថ្នាក់វិទ្យាល័យ គឺភាពខុសប្លែកទី ១ នោះ គឺរយៈចំងាយដែលសាលាស្ថិតនៅឆ្ងាយពីផ្ទះ,អញ្ចឹងគឺជាការផ្លាស់ប្តូរមួយខ្លាំងពីថ្នាក់វិទ្យាល័យអ្នកវិទ្យាល័យថ្មស្សាស្តាហារផ្តូរទៅកាន់ថ្នាក់វិទ្យាល័យគឺភាពខុសប្លែកពីមួយនោះគឺរយៈចំងាយដែរសាលារធិតិច្ងាយពីផ្ទះ,10_10.wav,16000
﻿សូមជម្រាបសួរ នេះជាការពិពណ៌នាអំពីសាលាវិទ្យាល័យរបស់ខ្ញុំ សាលាវិទ្យាល័យរបស់ខ្ញុំគឺស្ថិតនៅឆ្ងាយពីផ្ទះ,ចម្រាកផ្សួរនេះជាកាលពីពព័ត៌ដូចនាអំពីសាលាយរបស់ខ្ញុំ សាលាវិទ្យរបស់ខ្ញុំ គឺធាត់នៅថ្ងៃពីផ្ទះ,10_0.wav,16000
ដែលខ្ញុំតែងតែធ្វើដំណើរពីផ្ទះទៅកាន់សាលាបឋមសិក្សាពីថ្នាក់ទី ១ រហូតដល់ថ្នាក់ទី ៥ ហើយពេលដែលខ្ញុំបញ្ចប់នៅក្នុងសាលាបឋមសិក្សារបស់ខ្ញុំ,ដែលខ្ញុំតែនែកធ្វើដំណើរពីផ្ទះតែកាលសាលាប្រធំសឹកសារពីថ្នាក់ទីមួយដ៏ហូតដ៏ថ្នាក់ទីប្រាំ ហើយពេលដែលខ្ញុំបានចោះនៅក្នុងសាលាប្រធំសឹកសារបើខ្ញុំ,10_2.wav,16000
សាលាដែលខ្ញុំធ្លាប់រៀននៅបឋមសិក្សាគឺអាគារកាលពីខ្ញុំនៅរៀន គឺអាគារឈើ ហើយអាគារនឹងគឺអាគារឈើ,ដែលសាលដែលខ្ញុំធ្វើអោយបន្តិធម្មផ្សិក្សាគឺអគារបៀបខ្ញុំនៅក៏អគារឈើអោយអគារហើយអគារហើយ,10_12.wav,16000
ហើយអត់មានជញ្ជាំងត្រឹមត្រូវនោះទេ ជញ្ជាំងធ្វើអំពីពេលខ្លះស្លឹកដូង ហើយពេលដែលខ្ញុំបន្តទៅសាលាវិទ្យាល័យគឺសាលាគឺធំជាងពីមុន,ហើយអត់មានចិញ្ចញ្ចញ្ចញ្ចញ្ចញ្ចញ្ចឹងធ្វើមិនពេលខោស្លឹកដូង ហើយពេលដែលខ្ញុំបន្តទៅសាលវិទ្យាលោយគឺសាលាគឺធំជាងពីមុន,10_13.wav,16000
ខ្ញុំត្រូវបន្តការសិក្សាទៅថ្នាក់វិទ្យាល័យ ដែលថ្នាក់វិទ្យាល័យនៅក្នុងភូមិមួយផ្សេងទៀត ហើយដែលត្រូវរៀនពីថ្នាក់ទី ៦ រហូត[?]ដល់ថ្នាក់ទី ១២,ខ្ញុំបន្តការសិក្សាទៅថ្នាក់វិទ្យាល័យ ដែលថ្នាក់វិទ្យាល័យ នៅក្នុងភូមួយផ្សេងទៀត ហើយដែលត្រូវរៀនពីថ្នាក់ទីប្រាំមួយដ៏ហូតដល់ថ្នាក់ទី,10_3.wav,16000
ហើយខ្ញុំក៏សូមបញ្ចប់ការពិពណ៌នាទៅលើសាលាវិទ្យាល័យរបស់ខ្ញុំនេះដោយប៉ុណ្ណេះដែរ សូមអរគុណ,ហើយខ្ញុំក៏សុំបញ្ចប់ការពិជ្រាប់ពិព័ត៌នាធ្វើសាលើបច្នែករបស់ខ្ញុំនេះដោយប៉ុន្តែដែលសុំអស់គុណ,10_20.wav,16000
ដូច្នេះហើយគឺខ្ញុំមិនអាចធ្វើដំណើរដោយថ្មើរជើងទៅកាន់វិទ្យាល័យរបស់ខ្ញុំបាននោះទេ ហើយមធ្យោបាយធ្វើដំណើររបស់ខ្ញុំគឺខ្ញុំជិះកង់,ព្រោះឆ្នេរហើយគឺខ្ញុំអាចធ្វើដំណើរដោយធ្មើរជើងទៅកាន់វិតជាល័យរបស់ខ្ញុំបាននៅទេ ហើយមធ្យោបារធ្វើដំណើរបស់ខ្ញុំគឺខ្ញុំជិះកង,10_8.wav,16000
មានមនុស្សច្រើនជាងពីមុន គឺមានសិស្សច្រើនជាងពីមុន មានកង់ជាច្រើនដែលចតនៅក្នុងសាលារៀន,មានមនុស្សច្រើន យាវីមុន គឺមានសិស្សច្រើន យាវីមុន មានកម្មជាវីមុន គាត់ចូលដ៏ក្នុងសាលារៀត,10_18.wav,16000
ហើយទីធ្លាក៏ធំជាងពីមុនដែរ ហើយមានសិស្សជាច្រើននៅក្នុងថ្នាក់វិទ្យាល័យ,ហើយទីធ្លាយក៏ធំហៀងពីបុណ្ណដែរហើយមានសិស្សជាច្រើនៅក្នុងថ្នាក់វិទ្យាល័យ,10_19.wav,16000
ហើយការជិះកង់របស់ខ្ញុំដែលមានរយៈចំងាយប្រហែលជា ៧ គីឡូម៉ែត្រនោះ គឺចំណាយពេលប្រហែលជា ៤០ នាទី ដែលខ្ញុំជិះធ្វើដំណើរដោយកង់,ហើយការជិះកម្មបើគខ្ញុំដែលមានយកចំងាយប្រហែលជា ៧០០កីឡូម៉ែត្រគឺចំណាយពេលប្រហែលជាសែលសប្រនាទេស ដែលខ្ញុំជាធ្វើដំណើរដែលដែលកង់,10_9.wav,16000
បាទ ប៉ុន្តែមានប្រជាជនមួយចំនួនពេលដែលភ្លៀងមក ពួកគេបែរជាកាន់ចប កាន់ធុង បាទ ដើរទៅរក ដើរទៅរកអី ដូចជាខ្យង ដូចជាក្ដាម អីអញ្ចឹងនៅតាមវាលស្រែ បាទ,បាទ ប៉ុន្តែមានប្រជាជនមួយចំនួនពេលដែលភ្លាងមកពួកគេបែកជាកាន់ចរណ៍កាន់ធុងដើរទៅរ៉ូប ដើរទៅរ៉ូបអីដូចជាខ្យង់ដើមអីចឹងនៅតាមវាស្រាយ,8_22.wav,16000
នោះគឺជាគ្រោះថ្នាក់ម្យ៉ាងដែរ ព្រោះថានៅតាមវាលស្រែ វាមានចរន្តស្រូបជាច្រើន ដូចជាចរន្តខ្សែ អ៊ីនធើណេត ខ្សែកាបទូរទស្សន៍អីអញ្ចឹង វាមានចរន្តច្រើន,មនុស្សគឺជាគ្រោះថ្នាក់ម្យារដែរព្រោះថានៅតាមរៀសស្វាវាមានច្រន់ស្រូបជាច្រើនដូចជារន់ខ្សែអ៊ីន្តណេដ៏ ក្សែកាបទូរទស្សអីអញ្ចឹងមានច្រន់ចឹន,8_23.wav,16000
ហើយទឹកហូរលឿន ទឹកហូរកួចអីអញ្ចឹង ប្រជាជនមានលក្ខណៈភ័យ ដូច្នេះពួកគេក៏កាត់បន្ថយពេលដែលភ្លៀង ពួកគេមិនសូវចេញដើរទេ,ហើយទឹកខូរលឿនទឹកខូចអោយអញ្ចឹង ប្រជាជនមានលក្ខណៈភ័យដូចឆ្នះពួកគេប្រកាត់បន្ថយពេលដែលភ្លាង ពួកគេមិនសូវចេញដើរ,8_21.wav,16000
បាទ ហើយខ្លះណាទៀតនោះ ដីនៅកន្លែងហ្នឹងបើសិនជាមានទឹកហូរខ្លាំង វាធ្វើឲ្យដីកន្លែងហ្នឹងបាក់អីអញ្ចឹងទៅ ឬមួយក៏នៅលើស្ពានអីអញ្ចឹងទៅ ធ្វើឲ្យដីនោះបាក់,ហើយខ្លះណាទៀតនោះដីនៅក្លាយនឹងមួយសិនជាមានទឹកខូរខ្លាំងវាធ្វើឲ្យដីក្លាយនឹងបាក់អីចឹងទៅ ឬមួយក៏នៅលើសពាន័យអញ្ចឹងទៅ,8_20.wav,16000
បាទ សូមអរគុណ សូមជម្រាបលា,បានផ្សូមអរគុណ,8_34.wav,16000
បាទ អាគុយហ្នឹងគឺ  ជាវត្ថុម្យ៉ាងសម្រាប់ចាប់ឲ្យមានភ្លើងដូចអគ្គិសនីអញ្ចឹង ប៉ុន្តែវាមានរូបរាង ៤ ជ្រុង បាទ វាមានរូបរាង ៤ ជ្រុង បាទ,អគុយនឹងគឺជាវធម្យ៉ាន់សម្រាប់ចាប់ឯមានភ្លើងដូចអគ្គិសសំណីចឹងប៉ុន្តែមែនរូបរាងបួនជ្រុងវាមានរូបរាងបួនជ្រុង,8_30.wav,16000
ដូច្នេះវាធ្វើឲ្យមានរន្ទះបាញ់ ឬមួយក៏អីអញ្ចឹងទៅ វាអាចនឹងឆក់យើង បាទ ហើយរន្ទះបាញ់ នឹងបាញ់យើងមួយរំពេចហ្នឹងតែម្ដង ដូច្នេះ ការបាត់បង់ជីវិតហ្នឹង នឹងមានលក្ខណៈលឿនមែនទែន,ដើម្ចាញ់វាធ្វើឲ្យមានរងទាក់បាញ់ ឬមួយក៏អីទៅវាអាចនឹងឆក់យើង ហើយរងទាះបាញ់ហ្នឹងបាញ់យើងមួយរំពេជ្រឹងតែម្តង ដូចឆ្នេះ ការវាត់បងជាវិតនឹង និងមានលក្ខណៈលឿនមែនទែន,8_24.wav,16000
បាទ ហើយមួយទៀតពេលដែលភ្លៀងអញ្ចឹងនៅស្រុកស្រែគឺ វាមិនសូវជាមានថ្នល់ជាតិទេ មានថ្នល់ចាក់កៅស៊ូអីអញ្ចឹងទេ វាមានតែផ្លូវលំ ផ្លូវក្រួសក្រហមអីអញ្ចឹង ផ្លូវភក់ អីអញ្ចឹង បាទ,ហើយមួយទៀតពេលដែលភ្លៀងចឹងនៅជ្រុកស្លារវាមិនសូវជាមានថ្នល់ជាមានថ្នល់ចាក់ដោយសួរអ៊ីចឹងទេ វាមានតែផ្លូវលំផ្លូវគ្រួសក៏ហ៊្រហំអ្នកអ៊ីចឹងផ្លូវផុកអ៊ីចឹងណា,8_18.wav,16000
ហើយពេលដែលយើងធ្វើដំណើរ  ភក់ហ្នឹងវាខ្ទាត មកប្រឡាក់អាវរបស់យើង ឬមួយក៏ពេលដែលភក់នោះ អញ្ចឹងទៅ ធ្វើឲ្យយើងរអិលដួល,ហើយពេលដែលយើងធ្វើដំណើរអោយអញ្ចឹងខ្លួនាផុកនឹង វាគ្ទៀតមកប្រឡាក់អាយរបស់យើង ឬមួយក៏ពេលដែលផុកនោះអញ្ចឹងទៅធ្វើអោយយើងល្អើលដួល,8_19.wav,16000
បាទ ដូច្នេះយើង គប្បីយើងពេលដែលភ្លៀង យើងគួរតែនៅផ្ទះ បាទ គប្បីយើងមិនគួរចេញដើរទៅវាលស្រែ,ដូច្នេះយើងគាប់បីយើងពេលដែលភ្លៀង យើងគួរតែនៅផ្ទះ គាប់បីយើងមិនគួរចេញដើរទៅវាស្រា,8_25.wav,16000
ហើយវាមានប្រដាប់សម្រាប់ចាប់ពីរ គឺ ចាប់មួយបូក គឺចាប់មួយដក,ហើយគ្រាមានសម្រាប់ចាប់ពីរគឺចាប់មួយបូរគឺចាប់មួយដរ,8_31.wav,16000
បាទ ហើយអ្នកខ្លះទៀត ពេលដែលទឹកភ្លៀងមក គឺគេបានយកអាគុយរបស់គេ បានយកអាគុយរបស់គេហ្នឹង,ហើយអ្នកខ្លះគៀតពេលដែលទឹកភ្លៀងមក គឺគេបានយកអគុយរបស់គេបានយកអគុយរបស់គេហ្នឹង,8_27.wav,16000
បាទ ដូច្នេះគឺខ្ញុំរៀបរាប់បានតែត្រឹមហ្នឹងទេ ដូច្នេះខ្ញុំសូមបញ្ចប់នូវការរៀបរាប់ នូវរដូវទឹកភ្លៀងនៅក្នុងជនបទតែត្រឹមនេះសិន,ដូច្នេះគឺខ្ញុំរៀបរាប់បាននៅត្រូវនៅត្រូវនឹងទេ ដូច្រែស្យនំសូមបញ្ចប់នៅការរើបរាប់នៅរដីទឹកភ្លៀងនៅក្នុងជនបទ,8_33.wav,16000
បាទ ចាប់បូកនោះ គឺពណ៌ក្រហម រីឯចាប់ដកនោះ គឺពណ៌ខ្មៅអីអញ្ចឹងទៅ,ចាប់បូកនៅគឺព័រកហមរាយចាប់ដកដូរគឺព័រខ្មៅវាចឹងទៅ,8_32.wav,16000
ឬមួយក៏ចេញដើរទៅរកខ្យង ឬមួយក៏រកក្ដាមអីទេ បាទព្រោះថាវាធ្វើឲ្យយើងមានគ្រោះថ្នាក់,និងមួយករចេញដើរតែរោគចមកហូតក្តារមៃទេ បានព្រោះថាវាធ្វើអោយយើងមានគ្រោះថ្នាក់,8_26.wav,16000
នៅជនបទបានន័យថានៅស្រុកស្រែ បាទ ដូច្នេះកុំឲ្យខាតពេលយូរខ្ញុំសូមបកស្រាយ និងរៀបរាប់ដូចតទៅ,នៅជនបទហ្នឹងបណ្ណិស្សនៅស្រុកស្រាវ ដូច្នេះកាមលខាតពេលយូរខ្ញុំសូវបាកស្រាយ និងរាបរាប់ដូចទៅទៅ,8_1.wav,16000
﻿សួស្តីមិត្តភក្តិទាំងអស់គ្នា ជួបជាមួយខ្ញុំម្ដងទៀតហើយក្នុងការនិយាយអំពីរដូវភ្លៀង នៅជនបទម្ដង,សុស្ស្តេងមិនប្រកែដទាំងអស់គ្នាជួកជាមួយខ្ញុំម្ដងទៀតហើយក្នុងការនិយាយអំពារដូវភ្លាមនុស្សជនបទម្ដង,8_0.wav,16000
នៅជនបទ ពេលដែលមានភ្លៀងម្ដងៗ គឺអ្នកស្រែតែងតែសប្បាយចិត្តទៅនឹងទឹកភ្លៀង,នៅជនបទពេលដែលមានភ្លៀងម្ដងៗគឺអ្នកស្រាវតែតែសប្បាយចិតទៅនឹងទឹកភ្លៀង,8_2.wav,16000
បាទ   ព្រោះតែទឹកភ្លៀងនេះ គឺធ្វើឲ្យផលដំណាំរបស់គាត់ ដូចជាការដាំស្រូវ,បាម ព្រោះតែទឹកភ្លាងនេះធ្វើឲ្យផលដំណាំរបស់គាល់ដូចជាការដើមស្រូវ,8_3.wav,16000
បាទ ដូច្នេះគេអាចទុកទឹកនោះប្រើប្រាស់ បាទ ប្រើប្រាស់ដូចជាការដាំស្ល ដូចជាការដាំទឹកញ៉ាំ និយាយរួមគឺការប្រើប្រាស់ផ្សេងៗតាមតម្រូវការរបស់គេ,ដូច្នេះគេអាចទុកទឹកនោះប្រើប្រាស់ ប្រើប្រាស់ ដូចជិះការដាំស្លារដាំទឹកញ៉ាំ និងនិយាយរួមគឺការប្រើប្រាស់ផ្សេងៗតាមតំដូចការរបស់គេ,8_7.wav,16000
បាទ ដូចជាពេលភ្លៀងមក គឺគេមានទទឹកសម្រាប់ទ្រ ទនោះ គឺគេដាក់ទពីលើដំបូលផ្ទះ រហូតមកដល់ក្រោម បាទ គឺពេលដែលទឹកភ្លៀងវាហូរមក វាហូរចូលទៅក្នុងពាង,ដូចជាពេលភ្លៀងមក គឺគេមានទូរទឹកសម្រាប់ត្រូចឹង ទូរនោះគេដាក់ទ័រពីលឺដំបូលទះរហូតម្តលក្រោមគ្រោមគឺពេលដែលទឹកភ្លៀងវាហូរមោះវាហូរចូលទៅក្នុងពាង,8_6.wav,16000
ដូចជាការដាំដំឡូង ដូចជាការដាំល្ង ដូចជាការដាំ ផលដំណាំផ្សេងៗហ្នឹង គឺវាលូតលាស់ គឺវាអំណោយផលបានយ៉ាងល្អ,ដូចជាការដាំដំណំលងដូចជាការដាំលើននោរជាការដាំផលដំណើរអីផ្សេងៗនៅគឺវាលូតលាស់គឺវាអំណោយផលបានយ៉ាង,8_4.wav,16000
បាទ ហើយពេលដែលភ្លៀងម្ដងៗ គឺថាអ្នកស្រុកអ្នកស្រែគឺតែងតែ ទទួលយកទឹកភ្លៀងនោះទុកប្រើប្រាស់,ហើយពេលដែលភ្លៀងម្ដងៗគឺថាអ្នកស្រុកអ្នកស្រាយគឺតែងតែទទួលយកទឹកភ្លៀងនោះទុកប្រើប្រាស់,8_5.wav,16000
ហើយអ្នកខ្លះទៀតនោះ ក៏យកទឹកភ្លៀងនោះយកទៅត្រងទុក បាទ ទុករយៈពេល ១០ ថ្ងៃ ឬមួយក៏ ៥ ថ្ងៃ អញ្ចឹងទៅពួកគេយកមកបរិភោគ យកមកផឹក,ហើយអ្នកខ្លះទៀត និងគោលយោទឹកភ្លារនោះយោគទុករយៈពេលដប់ថ្ងៃនឹងមួយក៏ប្រាំថ្ងៃចឹងទៅបានពួកគេយកម៉ង់បងរិផូរយកម្ដាប់ផាប់អីច្រើន,8_8.wav,16000
បាទ ហើយភ្លៀង បាទ ពេលដែលភ្លៀងមក គឺស្រូវ អីហ្នឹងគឺវាបានផលល្អ ពីព្រោះអីពេលដែលភ្លៀងមក,ហើយភ្លៀងបានពេលដែលភ្លៀងមកគឺស្រូវអ្វីហ្នឹងវាបានផល្អពីព្រោះអីពេលភ្លៀងមក,8_9.wav,16000
បាទ ដូច្នេះរឿងនេះ គឺជារឿងមួយមិនមែនធម្មតាទេ គឺជារឿងកង្វល់របស់ប្រជាជនកម្ពុជាទូទាំងប្រទេស តែម្ដង,ដូច្នេះរឿងនេះគឺជារឿងមួយមួយមែនធម្មតាទេគឺជារឿងកង្វល់របស់ប្រជាជនកម្ពុជាទូទាំងប្រទេសទៅម្ដង,8_17.wav,16000
ហើយគាត់អ្នកខ្លះហ្នឹង គឺមិនបានធ្វើស្រែទេឆ្នាំនេះ រីឯអ្នកខ្លះទៀតហ្នឹងក៏បានធ្វើស្រែ ប៉ុន្តែធ្វើស្រែដោយដីទទេ គឺគ្មានទឹកទាល់តែសោះ,ហើយគាត់អ្នកខ្លះនឹងគឺមិនបានធ្វើស្រាយទេឆ្នាំនេះ រាក់ឯងអ្នកខ្លះទាំងគ្របានធ្វើស្រាយប៉ុន្តែធ្វើស្រាយដែលទេគឺគ្មានទឹកទាល់ទៅសោះ,8_16.wav,16000
យកទៅត្រងទឹកភ្លៀង ឬមួយក៏យកអាគុយរបស់គេហ្នឹង ទៅលាងទឹកភ្លៀង ឬមួយក៏បើកគម្របទឹកអាស៊ីតហ្នឹង ចាក់ទឹកភ្លៀងចូល,ដូចទៅត្រង់ទឹកភ្លៀង ឬមួយករយកអគុយរបស់គេហ្នឹង ទៅលាងទឹកភ្លៀង នៅមួយក៏បាលការូបទឹកអាស៊ិចហ្នឹងចាត់ទឹកភ្លៀងចូរ,8_28.wav,16000
បាទ ដូចជា ឧទាហរណ៍ ដូចជាឆ្នាំនេះផ្ទាល់ គឺទឹកភ្លៀងនៅកម្ពុជា មិនសូវជាមានទេ  ខ្ញុំគិតថានៅឆ្នាំនេះ នៅប្រទេសកម្ពុជា នឹងខ្វះខាតស្បៀង,ដូចជាឧទាហរដូចជាឆ្នាំនេះផ្ទាល់ គឺទឹកភ្លានែកម្ពុជាមិនសៅជាមានទេមានដូចឆ្នេះគឺគឺខ្ញុំគិតថានៃឆ្នាំនេះនៅបន្ទេះកម្ពុជានឹងខ្វះខាតស្ប៊ាង,8_14.wav,16000
បានន័យថានឹងខ្វះខាតអាហារ និងខ្វះខាតបាយញ៉ាំ ហើយអង្ករគឺត្រូវតែឡើងថ្លៃ ព្រោះថាឆ្នាំនេះ គឺមិនសូវមានទឹកភ្លៀង ហើយប្រជាពលរដ្ឋ គាត់ក៏បានដឹងអំពីបញ្ហានេះ,បានន័យថា និងខ្វះខាតអាហារ និងខ្វះខាតបែញ្ញាំហើយអង្គរគឺត្រូវតែឡើងថ្លៃ ព្រោះថាឆ្នាយគឺមិនសូវមានទឹកភ្លៀងហើយពិជាពលរដ្ឋ ក៏បានដឹងអំពីបញ្ហានេះ,8_15.wav,16000
ព្រោះថានៅក្នុងទឹកភ្លៀងហ្នឹងវាមានជាតិអាស៊ីតដែរ បាទ ដូច្នេះគេធ្វើឲ្យអាគុយហ្នឹងកាន់ភ្លើងអីអញ្ចឹងទៅ,ព្រោះថានៅថាថាក្នុងទឹកភ្លារហ្នឹងវាមានជាតិអាស៊ីដដែរ បានដូច្នេះក៏គេធ្វើឲ្យអាគុយនឹងកម្មភ្លើងអីចឹងទៅ,8_29.wav,16000
ពេលដែលភ្លៀងមកមួយសាទៀត គឺគេចាប់ផ្ដើម បាទ បាចស្រូវ បាចអីអញ្ចឹងទៅ ដើម្បីឲ្យវាហ្នឹងមានសំណាបក្នុងការដក,ពេលដែលភ្លៀងមកសារទៀនគឺគេចាប់ផ្ដើមបានច្រើនអីចឹងទៅដើម្បីយកឱ្យវានឹងមានសំណើរក្នុងការដ៏,8_11.wav,16000
ពេលដែលមុនដំបូង ពេលដែលភ្លៀងមក គឺគេភ្ជួររាស់ដី បាទ ភ្ជួររាស់ដី,ពេលដែលមុនដំបូង ពេលដែលភ្លាងមកគឺគេព្យួរស់ដី,8_10.wav,16000
ពេលដែលសំណាបហ្នឹងល្អហើយ គឺគេបានយកវាហ្នឹងដក ដើម្បីដាំវាពូនក្លាយជាស្រូវ,ពេលដែលសំណាបដង់ល្អហើយ គឺគេបានយោវាយហ្នឹងដ៏អីចឹងទៅដើម្បីដាំវាពូនប្លែកស្រៅ,8_12.wav,16000
បាទ ហើយបើសិនជាវាល្អ ឬមួយក៏មិនល្អ គឺអាស្រ័យទៅលើទឹកភ្លៀងដែរ,បានហើយបើសិនជីវាល្អ រហ្មួយកុមិនល្អគឺអាស័យទៅលើយទឹកភ្លាងដែរ,8_13.wav,16000
ហើយបន្ទាប់មកទៀតគឺយើងអាចនិយាយអំពីរដូវប្រាំង,ហើយបន្ទាបមកទៀតគឺអាចដាយាយពីរដូវប្រាំង,4_36.wav,16000
អញ្ចឹងគឺកសិករនៅក្នុងប្រទេសកម្ពុជា គឺគាត់ដឹងពីពេលវេលា ថាតើនៅខែណា នៅពេលណាដែលនឹងមានភ្លៀងធ្លាក់,អញ្ចឹងគឺការសិករណ៍នៅក្នុងប្រទេស កម្ពុជាគឺគាត់ដឹងពីពេលវេលា តានៅខែណានៅពេលណាដែលនិងមានភ្លាងធ្លាក់,4_22.wav,16000
ហើយក៏ជាពេលវេលាមួយដែលគាត់នឹងដាំដំណាំដែរ,ហើយគឺជាពេលវេលាមួយដែលដឹងដាំរាំដាំដាំដែរ,4_23.wav,16000
ចំណែករដូវប្រាំងវិញគឺជារដូវមួយដែលមិនមានភ្លៀងធ្លាក់ច្រើនទេគឺ ចាប់ពីខែ,ចាប់ផ្ដើយរកដូវប្រាងវិញ គឺជារកដូវមួយដែរ មិនផ្លែងធ្លាកច្រើនទេគឺចាប់ពីខា,4_37.wav,16000
អញ្ចឹងរដូវវស្សា គឺជារដូវមួយដែលកសិករគាត់ ចាប់ផ្ដើមដាំដំណាំ គឺគាត់ចាប់រៀបចំដី រៀបចំចំការរបស់គាត់ ត្រៀមចាំទឹកភ្លៀង,ចឹងគឺរដូវវសារ គឺជារដូវមួយដែលកសិករគាត់ចាប់ផ្ដើមផ្ដើមៗគឺគាត់ចាប់រៀបចំដីរៀបចំចាំចាំការរបស់គាត់ត្រៀងចាំទឹកភ្លៀង,4_21.wav,16000
អញ្ចឹងគឺមានភាពកុះករខ្លាំងណាស់ នៅក្នុងទីក្រុង ពីព្រោះមានមនុស្សម្នាជាច្រើនមកមើលពិធីបុណ្យអុំទូក,ជាជាគឺមានភាពកោះកុសខ្លាំងណាស់នៅក្នុងតិក្រង់ ពាក់ពួកអោយមនុស្សមនុស្សជាជាច្រើនមកមើលពីធីបានអាំទោក,4_35.wav,16000
ហើយចូល ពិធីបុណ្យនេះផងដែរ ដូចជាអ្នកនៅតាមទីជនបទ តាមខេត្តគឺគាត់ឡើងមកទីក្រុងដើម្បីមើលពិធីបុណ្យអុំទូកនេះ,ហើយចូលរូបវិធីបន្តនេះផងដារជាអ្នកនៅតាមទីជិតតំបន់តាមខេត្តវាក៏ឡើងទីក្រុងដើមមើលពីធីបានអាំទុកនេះ,4_34.wav,16000
អញ្ចឹងដូចជានៅតាមជនបទគឺ អ្នកស្រែចំការ អ្នកដាំដំណាំ កសិករហ្នឹង គឺគាត់រំពឹងទៅលើទឹកភ្លៀង,អញ្ចឹងដូចជានៅតាមជនបទគឺអ្នកស្រាយចាំការអ្នកដាំដំណាំកសិកនឹងគឺគាត់រំពឹងលើទឹកភ្លាង,4_20.wav,16000
ដោយសារយើងអត់មានទឹក ប្រព័ន្ធធារាសាស្ត្រ គ្រប់គ្រាន់នោះទេគឺកសិករពឹងផ្អែកសំខាន់ទៅលើទឹកភ្លៀង,ដោយសារយើងអត់មានទឹកប្រព្រព្រព្រាស់គ្រប់គ្រាន់ដែលទៀត កសិករពង្វាយសំខាន់តែលើទឹកភ្លៀង,4_18.wav,16000
អញ្ចឹងគឺរដូវវស្សា គឺជារដូវដែលសំខាន់ណាស់សម្រាប់កសិករនៅក្នុងប្រទេសកម្ពុជា,ចឹងគឺរដូវវស្សារជារដូវដែលសំខាន់ណាស់សម្រាប់កសិករហ្នុងប្រទេសកម្ពុជា,4_24.wav,16000
ដូចជាទឹកទន្លេ ទឹកទន្លេមេគង្គឡើងខ្លាំង ហើយយើងហៅថាពិធីបុណ្យអុំទូក,ក៏ដូចជាទឹកទន្លេ ទឹកទន្លេមេគង់ឡើងខ្លាំងហើយ ចេញហាដ្ឋពិធីបន្តអ៊ុំទូក,4_30.wav,16000
ពិធីបុណ្យអុំទូកគឺជាពិធីបុណ្យមួយដែលប្រារព្ធធ្វើពេលដែលមានការប្រកួតប្រណាំងអុំទូក,ពិធីបុណ្ណអំតូបគឺជាពិធីមួយដែលប្រូបធ្វើពេលដែលមានការប្រកួតប្រណាំងអំតូ,4_31.wav,16000
ហើយក៏ជារដូវមួយដែលមានតួនាទីសំខាន់ដែរ គឺផ្ដល់ទឹកភ្លៀង ផ្ដល់ទឹកសម្រាប់កសិករ ដោយសារបើសិនជាគ្មានភ្លៀងទេ គឺកសិករមិនអាចដាំដំណាំបាននោះទេ,ហើយគោជារដីមួយដែរមានតួនៅទីសំខាន់ដាសដែលផ្តល់ទឹកភ្លៀងផ្តល់ទឹកសម្រាប់ការសិក្រ ដោយសារបើសិនជាគ្មានភ្លៀងនេះគឺការសិកមិនអាចដាំដំណើរបាន,4_25.wav,16000
អញ្ចឹងគឺរដូវវស្សា គឺសំខាន់សម្រាប់កសិករនៅក្នុងប្រទេសកម្ពុជា,អញ្ចឹងគឺរដូវវាសារគឺសំខាន់សម្រាប់កសិករណ៍ដែលក្នុងប្រទេសកម្ពុជា,4_19.wav,16000
អញ្ចឹងយើងហៅថាពិធីបុណ្យអុំទូក ហើយជា  ពេលវេលាមួយដែលមានផ្ដល់ឱកាសដល់អ្នកផ្សេងៗ អ្នករស់នៅក្នុងប្រទេសកម្ពុជា ការសម្រាកហើយលំហែ,ចាស់គារណ៍គាត់តែពិធីបន្ដអាំទូក ហើយជាពេលវេលាមួយដែលមានប្រឡ្កាស់ដ៏វានាក់ផ្សេងៗអ្នកដែលរស់នឹងបន្តិរកម្មវិធីកម្មវាធិ៍ថាការសម្បារាល់ហើយលំហាយ,4_33.wav,16000
ហើយនៅក្នុងរដូវវស្សា បើយើងក្រឡេកមើលទៅ គឺយើងឃើញថាគឺមានរដូវ គឺជារដូវមួយដែលគេមានប្រារព្ធពិធីបុណ្យដែរ,ហើយនៅក្នុងរដូវវស្សាបើយើងកាល់មើលទៅ យើងឃើញថាគឺមានរដូវ គឺជារដូវមួយដែរគេមានប្រូបិធីបន់ដែរ,4_27.wav,16000
ហើយកសិករគឺពឹងផ្អែកទៅលើទឹកភ្លៀងទាំងស្រុងតែម្ដងក្នុងការដែលធ្វើចំការ ក្នុងការដែលដាំដំណាំ,ហើយកសិគ្គគឺពង់ផ្អាយទៅលើទឹកភ្លៀងទាំងស្រងតែម្តង់មកការដែលធ្វើចិប្បាការណ៍នាំការដែលដើមដាំ,4_26.wav,16000
ដូចជាយើងមានទូកចែវ ឬក៏ទូកអុំហ្នឹង គឺយើងប្រណាំងគ្នា គឺអ្នកដែលមកពីខេត្តផ្សេងៗហ្នឹង គឺទៅប្រកួតប្រណាំងនៅទីក្រុង នៅក្នុងទីក្រុងភ្នំពេញ,យើងមានទូកចាររគិតទូកអង់ហ្នឹងគឺយើងប្រណាងគ្រាសគឺអ្នកដែលម្ដងពីខែផ្សេងៗនិងគឺទៅប្រកួតប្រណាងនៅទីក្រង់ៗផ្នឹងព្រំពិច,4_32.wav,16000
ហើយរីករាយក្នុងការដែលចូលឆ្នាំថ្មី អញ្ចឹងពិធីបុណ្យចូលឆ្នាំថ្មីគឺ ធ្វើនៅក្នុងខែមេសា ដែលជារដូវប្រាំង បន្ទាប់ពីការប្រមូលផលដំណាំរួច,ហើយរាជ្រនឹងការចូលឆ្នាំថ្មី យើងវិធីបានចូលឆ្នាំថ្មីគឺធ្វើនៅក្នុង ខែមីសាដែលជារតីផ្លាំងបន្តពីការប្រមាលផលដំណាមរួច,4_55.wav,16000
ចំណែករដូវប្រាំងវិញគឺចាប់ពីខែ ធ្នូ រហូតទៅដល់ខែមេសា អញ្ចឹងខែដប់ពីរ រហូតដល់ខែបួន ហើយនៅក្នុងរដូវប្រាំង គឺបើសិនជាអាកាសធាតុវិញគឺក្ដៅ,ចំណេញរដូវប្រាំងវិញគឺចាប់ពីខែធ្នូរហូតទៅដល់ខែមេសាចិញ្ចំខែដប់ពីរដល់ខែបួន ហើយនៅក្នុងរដូវប្រាំងគឺបើសញ្ចីអាកាស៊ែលនេះគាត់ដៅ,4_41.wav,16000
អញ្ចឹងខែប្រាំ គឺខែ ឧសភា រហូតទៅដល់ខែ ខែដប់មួយអញ្ចឹងគឺ ខែវិច្ឆិកា អញ្ចឹងគឺរដូវវស្សា គឺចាប់ពីខែ មេសា រហូតដល់ខែវិច្ឆិកា,១៥ គឺខែគឺខែមេសាដាហូតរាល់ខែខែខែវិជ្ជការអញ្ចឹងគឺខែវិជ្ជការអញ្ជែវជ្ជការអញ្ចឹងគឺរដូវវស្សាគឺចាប់ពីខែមេសាដាហូតរាល់ខែវជ្ជការអញ្ជែវ,4_40.wav,16000
ហើយពិធីបុណ្យនៅក្នុងរដូវប្រាំង គឺពិធីបុណ្យចូលឆ្នាំខ្មែរ បន្ទាប់ពីមានការប្រមូលផលដំណាំ កសិករមានការសប្បាយរីករាយ និងការប្រមូលផល,ហើយវិធីបន្តូវក្នុងប្រាំងគឺវិធីបន្ចូលឆ្នាំខ្មែរបន្ទាប់ពីរមានការព្រមូលផលដំណាមកសិក្តមានការសប្បែរីករាយនឹងការព្រមូលផល,4_54.wav,16000
ហើយបើសិនជាអ្នកដែលនៅតាមជនបទវិញគឺ ដីហុយខ្លាំងមែនទែន ដោយសារផ្លូវអត់ល្អ,ហើយបើសិនជាអ្នកដែលតាមជិនបទវិញគឺដីហើយខ្លាំងមិនទែនដោយសារផ្លូវអត់ឡើយ,4_42.wav,16000
ហើយខ្ញុំក៏សូមបញ្ចប់ការពិពណ៌នាទៅលើរដូវទាំងពីរ ហើយនឹងពិធីបុណ្យនៅក្នុងប្រទេសកម្ពុជានេះដោយប៉ុណ្ណេះដែរ សូមអរគុណ,ហើយខ្ញុំក៏សុមបញ្ចប់កាលពីពណ៌រស់នេះលើរដូវទាំងពីរហើយនឹងប្រធីបន្តនៅក្នុងប្រទេសកម្ពុជានេះដោយប៉ុណ្ណែដដែរសុំអគុណ,4_56.wav,16000
អញ្ចឹងគឺអ្នកដែលរស់នៅតាមជនបទគឺ តែងតែប៉ះពាល់រហូតដោយសារផ្លូវ និងប្រព័ន្ធគមនាគមន៍ ប្រព័ន្ធធ្វើដំណើរផ្លូវថ្នល់ហ្នឹង គឺអត់ល្អនៅតាមជនបទ រដូវប្រាំងគឺតែងតែដីហុយច្រើន,អញ្ចឹងគឺអ្នកនៅតាមជនបទគឺតែអ្នកប៉ះពាល់រហូតដោយស្អាតផ្លូវហ្នឹង ប៉ុន្តិព្រព័ន្ធកាកមាននាគមរព័ន្ធរាប់ផ្លូវថ្នាន់នៅគឺអត់ល្អន់តាមជនបទរដូវប្រាំងគឺតែងតែហដ្ឋីហើយអីច្រើន,4_43.wav,16000
អញ្ចឹងគឺជាខែនៅក្នុងរដូវប្រាំងនេះដែរ ហើយមូលហេតុដែលយើងធ្វើពិធីបុណ្យចូលឆ្នាំខ្មែរនៅក្នុងខែមេសា,អញ្ចឹងគឺជាខែក្នុងរដូវប្រាំងហើយ មូលហេតុដែល យើងធ្វើពិធីបន្ចូលឆ្នាំខ្មែរដែលក្នុងខែមេសា,4_47.wav,16000
ហើយពិធីបុណ្យនៅក្នុងរដូវវស្សា គឺពិធីបុណ្យអុំទូក ដោយសារមានទឹកឡើងខ្លាំង,ហើយពិធីបន្ននៅក្នុងល្ដូវវស្សាគឺពិធីបន្តអាមទូកដោយសាមានទឹកឡើងខ្លាំង,4_53.wav,16000
ហើយសរុបសេចក្ដីមកនៅក្នុងប្រទេសកម្ពុជា គឺមានរដូវពីរ គឺរដូវប្រាំង និងរដូវវស្សា,ហើយសារព្យក្តីមកនៅក្នុងប្រទេសកម្ពុជាគឺមានរដូវពីរដូវប្រាំងនិងរដូវវសា,4_52.wav,16000
ហើយ ជាទូទៅគឺ យើងមានតាមទំនៀមទម្លាប់ យើងហៅថាពិធីបុណ្យចូលឆ្នាំខ្មែរ គឺធ្វើនៅខែមេសា,ហើយជាទូទៅគឺយើងមានតាមទម្លាមទម្លាប់ យើងហាត្រពិធីបានចូលឆ្នាំខ្មែរគឺធ្វើនៅខែមេសា,4_46.wav,16000
ដែលជាខែមួយដែលកសិករបានប្រមូលផល ហើយមានការសប្បាយរីករាយអបអរសាទរចូលឆ្នាំថ្មី,ដែលជាខែមួយដែលកសិករបាន promote ផលហើយមានការស្បែររាជ្រាយអប់អស្ត្រាទ័រចូលឆ្នាំថ្មី,4_50.wav,16000
ហើយចំណែករដូវវស្សាវិញ គឺភក់ ពីបង្ការធ្វើដំណើរ ភក់ ហើយរដូវប្រាំងគឺដីហុយ ក៏មិនងាយស្រួលប៉ុន្មានដែរ គ្រាន់តែថាយើងអាចធ្វើដំណើរទៅបាន តែគឺមានដី ដីហុយយ៉ាងច្រើន,ហើយចំណែករដូវវស្សាវិញគឺផុកពីបានការធ្វើដំណើរផុកហើយរដូវ ប្រាំងគឺដីហើយកូរមិនមានសួរពិន្យាយគារដំណើរៗតាច់អាចធ្វើដំណើរទៅបានដែលគឺមានដូចដីហើយយចឹងច្រើន,4_44.wav,16000
ប៉ុន្តែមិនត្រជាក់ដូចជានៅក្នុងប្រទេសលោកខាងលិចនោះទេ ដូចជារដូវរងានៅក្នុងប្រទេសលោកខាងលិច គឺត្រជាក់ខ្លាំង,ប៉ុន្តែមិនតែជាក់ដូចជានៅក្នុងប្រទេសលោកខាងឡាចទេ ដូចជារដូចរាងងារក្នុងប្រទេសលោកខាតដូចជាក់ខ្លាំង,4_9.wav,16000
គ្រាន់តែវាត្រជាក់ជាងរដូវប្រាំងបន្តិច អញ្ចឹងត្រជាក់ដោយសារវាមានភ្លៀងច្រើន អញ្ចឹងធ្វើអាកាសធាតុ ត្រជាក់,គ្រាន់តែវាតែជាក់យើងរដូវប្រាំងបន្តិច ហ្ញុំជាក់ដែលសាវាមានភ្លៀងច្រើនយាងធ្វើអាកាស៊ីរាំជាក់,4_8.wav,16000
ហើយរដូវប្រាំងគឺជារដូវមួយដែលមានការសម្រាក ដូចជាក៏មិនមានញឹកអំពីការប្រមូលផល បន្ទាប់ពីការប្រមូលផលគឺកសិករអាចមានការសម្រាកបាន,ហើយរដូវប្រាំងគឺជារដូវមួយដែលមានការសម្រាកដូចជាគោលមានញឹកអំពីរការប្រមូលផលបន្តិចការប្រមូលផលគឺកសិករអាចមានការសម្រាកបាន,4_45.wav,16000
អញ្ចឹងនៅក្នុងខែមេសនេះ  ពិធីបុណ្យចូលឆ្នាំខ្មែរ,ជាមួយនៅក្នុងខែមេសានេះ យើងអាចដាលពីបិធីបន្តចូលឆ្នាំខ្មែរ,4_51.wav,16000
ដោយសារជាខែមួយដែល កសិករបញ្ចប់ការប្រមូលផល អញ្ចឹងគឺប្រមូលផលពីដំណាំ ចំការរួច គឺ គឺគាត់មានការប្រារព្ធពិធី គឺចូលឆ្នាំថ្មី អញ្ចឹងគឺមានការលំហែ,ដោយសារជាខែមួយដែលកសិកបញ្ចប់ការប្រមូលផល ហ្ញុំគឺប្រមូលផលពីដំណាំចាំការរួចគឺគឺគាត់មានការប្រួតពិធីគឺចូលឆ្នាំថ្មី អានគឺមានការលឹមហា,4_48.wav,16000
ពាក្យថារដូវប្រាំង គឺសំដៅទៅលើរដូវដែល រដូវក្ដៅ រដូវដែលអត់មានភ្លៀងធ្លាក់ អញ្ចឹងគឺជារដូវមួយដែលក្ដៅ,ពាក្យថារដូវប្រាំងគឺសំណើរទៅនៅរដូវដែលរដូវក្ដាយរដូវដែលអត់មានភ្លាងធ្លាក់អញ្ចឹងជារដូវមួយដែលខាត់,4_5.wav,16000
ដូចប្រទេសលោកខាងលិចគឺ រដូវមានដល់ទៅបួន តែនៅក្នុងប្រទេសកម្ពុជាគឺ ការបែងចែករដូវគឺមានតែពីរទេ គឺ គេហៅថារដូវប្រាំង ហើយនិងរដូវវស្សា,ដែលប្រទេសលោកខាងលាច់គឺរដូវមានដល់ទៅបួន តានៅក្នុងប្រទេសកម្ពុជាគឺការបានច្ចិយរដូវគឺមានតែពីរទេសគឺគឺរាងហៅថារដូវប្រាំងហារនឹងរដូវវាសា,4_4.wav,16000
ការសម្រាក ការលេងល្បែងប្រជាប្រិយផ្សេងៗ អញ្ចឹងយើងហៅថាពិធីបុណ្យចូលឆ្នាំខ្មែរ ដែលជារៀងរាល់ឆ្នាំគឺប្រារព្ធនៅក្នុងខែមេសា,ហើយការសប្រាការពិចការលីល្បាញ់ប្រជាព្រៃផ្សេងៗ ជាចិញ្ចឹងហារពិធីបន្តចូលឆ្នាំខ្មែរដែលជារាងរដ្ឋឆ្នាំប្ររូបនៅក្នុងខែមាយសាក,4_49.wav,16000
អញ្ចឹងយើងហៅថារដូវប្រាំង ហើយរដូវវស្សា គឺជារដូវមួយដែលមានភ្លៀងធ្លាក់ច្រើន អញ្ចឹងយើងហៅថារដូវវស្សា,ហើយយើងហើយថារដូវប្រាំង ហើយរដូវវស្សា គឺយរដូវមួយដែលមានភ្លាងធ្លាក់ច្រើន ជើងយើងអារដូវវស្សា,4_6.wav,16000
ហើយជាទូទៅអាកាសធាតុគឺខុសគ្នាតែបន្តិចបន្តួចទេ គឺ រដូវប្រាំងគឺក្ដៅ រដូវវស្សាក៏មិនជាត្រជាក់ខ្លាំងណាស់ណាដែរ,ហើយជាទូទៅអាកាសធាតគឺខុសគ្នាតែបន្តិចបន្តួចដែលគឺរដូវប្រាំងគឺក្តាលរដូវវស្តារក៏មិនជាត្រជាក់ខ្លាំងណាដែរ,4_7.wav,16000
ហើយរដូវនៅក្នុងប្រទេសកម្ពុជាគឺមានតែពីរនោះទេ វាខុសអំពីប្រទេសផ្សេងទៀត,ហើយរដូវនៅក្នុងប្រទេសកម្ពុជាគឺមានតែពីរូតេអីវាខុសរំពីប្រទេសផ្សេង,4_3.wav,16000
ប្រទេសអាស៊ីអាគ្នេយ៍ហើយមានអាកាសធាតុក្ដៅហើយសើម អញ្ចឹងគឺមានអាកាសធាតុក្ដៅហើយសើម គឺមានសំណើម,ប្រទេសអស៊ីអាគ្នេះ ហើយមានអត់ការស្ថៀតក្តៅហើយសើម គឺមានអត់ការសៀតក្តៅហើយសើម គឺមានសំណើប,4_2.wav,16000
﻿សូមជម្រាបសួរ! នេះជាការនិយាយអំពីរដូវនៅក្នុងប្រទេសកម្ពុជា,សម្រចម្រេចផ្សួរនេះជាការនិយាយអំពីរដៅនៅក្នុងប្រទេសកម្ពុជា,4_0.wav,16000
នៅក្នុងប្រទេសកម្ពុជាគឺ ជាប្រទេសមួយដែលស្ថិតនៅក្នុងអាស៊ីអាគ្នេយ៍,នៅក្នុងប្រទេសកម្ពុជា គឺជាប្រទេសមួយដែលឋិចនៅក្នុងអាស៊ីអាគ្នេះ,4_1.wav,16000
ប្រកបមុខរបរដែលធ្វើចំការគឺយើងហៅថា កសិករ អញ្ចឹងកសិករនៅក្នុងប្រទេសកម្ពុជាគឺ ពឹងផ្អែក ពឹងផ្អែកទៅលើទឹកភ្លៀង,ដើម្បានការធ្វើចុំការអញ្ចឹងហើយថាកសិករណ៍ ការសិករណ៍ក្រៅក្រោមពីរប្អាចពឹងផ្អែក ពឹងផ្អាចទាក់ភ្លាង,4_17.wav,16000
អញ្ចឹង  នៅក្នុងប្រទេសកម្ពុជា ការធ្វើកសិកម្ម ការធ្វើចំការ ដាំដំណាំ អញ្ចឹងគឺកសិករ ពាក្យថាកសិករ គឺអ្នកធ្វើចំការ អ្នកដាំដំណាំផ្សេងៗ,ចឹងគឺខ្នងនៅក្នុងប្រទេសកម្ពុជាការធ្វើកសិកម្មការធ្វើចចំណាន់ដាំដាំនាំ ចឹងគឺកសិករណ៍ ខ្ញុំពារថាកសិករគឺអ្នកធ្វើចចំណាំដាំផ្សេងៗ,4_16.wav,16000
ហើយរដូវទាំងពីរនេះ គឺ សំខាន់ដូចគ្នា គឺ មានន័យថា រដូវទាំងពីរ សម្រាប់កសិករនៅក្នុងប្រទេសកម្ពុជា,ហើយរដូវតាំងពីរនេះគឺសំខាន់ដូចគ្នា គឺមានន័យថារដូវទាំងពីរសម្រាប់កសិករណ៍នៅក្នុងប្រទេសកម្ពុជា,4_14.wav,16000
ដោយសារនៅក្នុងប្រទេសកម្ពុជាគឺមានប្រារព្ធពិធីបុណ្យជាច្រើន ហើយនៅក្នុងរដូវវស្សា ពិធីបុណ្យដែលសំខាន់នោះគឺ,ដោយសារនៅក្នុងប្រទេសកម្ពីរគឺមានបរូបវិធីបន្តិច្រើនហើយនៅក្នុងរដ្ឋវិស្សានពិធីបន្តដែលសំខាន់,4_28.wav,16000
យើងហៅថា ពិធីបុណ្យអុំទូក អញ្ចឹងយើងហៅថាពិធីបុណ្យអុំទូក ដែលពិធីបុណ្យអុំទូកគឺធ្វើនៅក្នុងរដូវវស្សា គឺក្នុងរដូវពេលទឹកឡើង,អញ្ចឹងហាវវិធីបន់អូមតូបន្តូក ដែលវិស្សាគឺក្នុងរដូវបានពីតូបន្តូបន្តូបន្តូបន្តូបន្តូបន្តូបន្តូបន្តូបែបន្តិចឡាវ,4_29.wav,16000
គឺរដូវវស្សា គឺសំខាន់ណាស់ ដូចជា   គឺការដាំ ធ្វើចំការ ដាំស្រូវ ដូចជាការដាំស្រូវអីហ្នឹងគឺពឹងផ្អែកទៅលើទឹកភ្លៀង,គឺរដូវអាសារសំខាន់ណាស់ ដូចជាកសារវិសេសគឺការដាំស្រូវជាការដាំស្រូវដាំគឺពង់ផ្អែរទៅលើទឹកភ្លៀង,4_15.wav,16000
ហើយរដូវវស្សាគឺចាប់ពីខែ ប្រាំរហូតទៅដល់ខែដប់មួយ,ហើយរដីវស្សាគិតចាប់ពីខែប្រាំរហូតដល់ខែ,4_39.wav,16000
ហើយនៅក្នុងប្រទេសកម្ពុជា គឺអាកាសធាតុ គឺក្ដៅហើយសើម មានន័យថាមិនមែនក្ដៅហើយស្ងួតនោះទេ ក្ដៅតែមានសំណើម,ហើយនៅក្នុងប្រទេសកម្ពុជាគឺអាកាស៊ីតគឺក្រដៅហើយសើមមានន័យថា មែនមែនក្រដៅហើយស្ងួរនៅទេក្រដៅតែមានសំណើរ,4_11.wav,16000
តែនៅក្នុងប្រទេសកម្ពុជាវិញ គឺរដូវវស្សា គឺ[ផ្ដោត?]សំខាន់ទៅលើមានភ្លៀងធ្លាក់ច្រើន ហើយអាកាសធាតុគឺត្រជាក់ជាងរដូវក្ដៅតែបន្តិចតែប៉ុណ្ណោះ,តែនៅក្នុងប្រទេសកម្ពុជាវិញគឺរដូវវស្សាគឺផ្ដោយសំខាន់តែលើមានភ្លែងធ្លាក់ច្រើន ហើយអាកស៊ីគឺតែជាក់ជារដូវក្តែតែបន្តិចតែប៉ុណ្ណោះ,4_10.wav,16000
ដូចជាខែដប់ពីរ   ខែធ្នូ រហូតទៅដល់ខែបួនយើងហៅថាខែមេសា អញ្ចឹងចាប់ពីខែធ្នូរហូតដល់ខែមេសា គឺរដូវប្រាំង,ដូចជាខែដប់ពីរ ខែដប់ពីរ ខែធ្នូ រហូតដល់ខែមេសា គឺរ៉ាដូវប្រាំង,4_38.wav,16000
ហើយដូចជាធ្វើឲ្យយើងងាយនឹងបែកញើស អញ្ចឹងគឺពេលដែលក្ដៅ គឺយើងបែកញើសច្រើន អញ្ចឹងអាកាសធាតុក្ដៅហើយសើម,ហើយដូចជាធ្វើឱ្យយើងងាយនិងបែកញើស អញ្ចឹងគឺពេលដែលក្តាយ គឺយើងបែកញើសច្រើន អាកាស៊ែតក្តាយហើយសើរ,4_12.wav,16000
ហើយរដូវសំខាន់ក៏មានតែពីរដែរ គឺរដូវប្រាំងនិងរដូវវស្សា,ហើយរដូវសំខាងក៏មានតែពីរដែលគឺរដូវប្រាំងហ្នឹងរដូវវសាន់,4_13.wav,16000
អញ្ចឹងសរសេរអក្សរ ឬក៏សរសេរលេខ ហើយសិស្សគឺចម្លងតាមក្ដារខៀន,ចាំទៅសរស៊ីអាចសូរ ឬសរស៊ីលែក ហើយសិស្សរគឺចំណងតាមកដាលឃាន,3_17.wav,16000
ហើយគឺជាការទូទៅបំផុតនៅក្នុងសម័យពេលនោះដែលគ្រូៗគឺតែងតែប្រើរំពាត់ដើម្បីដាក់វិន័យ ឬក៏ដើម្បីប្រៀនប្រដៅសិស្ស ឬក៏វាយពេលដែលសិស្សធ្វើខុស,ហើយគឺជាការទូទៅបំផុតដែលក្នុងសម័យពេលនោះដែលគ្រូសៗគ្រូសៗតែងតែប្រើរង្ព័ត្រដាំបីដាក់វិន័យរាយក៏ដាំបីព្រៀនប្រដោយដែលសេសរ្តីរាយក៏វាយពេលដែលសេរធ្វើខរ,3_9.wav,16000
ហើយក្នុងថ្នាក់ទី ២ នេះ គឺខ្ញុំចាំបានថាមានព្រឹត្តិការណ៍កើតឡើងដែលខ្ញុំត្រូវលោកគ្រូវៃនឹងរំពាត់,ហើយក្នុងថ្នាក់ទីពៃនេះ គឺខ្ញុំចាំបានថា មានប្រតិការកើតឡើងដែលខ្ញុំទៅលោកគ្រូបៃនឹងរុំពាល់,3_8.wav,16000
ដែលមានទំហំប្រហែលជា ២ ម៉ែត្របណ្ដោយ   ១ ម៉ែត្រកន្លះទទឹង អញ្ចឹងគឺក្ដារខៀននេះ គឺប្រើសម្រាប់សរសេរអក្សរដើម្បីបង្រៀនដល់សិស្ស,ដែលមានទំហំប្រហែលជាពីរម៉ែត្របន្ដោយហើយនឹងមួយម៉ែត្រជាមួយម៉ែត្រកន្លាស់ទឹកក្តារធានេះគេប្រើសម្រាប់សួស្រសេរសោរ ដើម្បីបង្រៀនអស្សិស្រ្សី,3_16.wav,16000
ហើយប្រើរំពាត់នេះដើម្បីចង្អុលលេខ ចង្អុលអក្សរ ឬក៏គោះតុ ដើម្បីឲ្យសិស្សស្ដាប់ ហើយផងដែរ រំពាត់ក៏គ្រូប្រើរំពាត់ពេលដែល សិស្សណាធ្វើខុស ឬក៏ការដាក់វិន័យ ប្រដៅដល់សិស្ស,ហើយប្រើរង្ព័ត្រីដើម្បីចំអល់សូរ ឬក៏គួសទុក ដើម្បីអោយសេសស្តាក់ ហើយផងដែរព័ត្តគោរគ្រូសប្រើរង្ព័ត្រព័ត្រីដែរសេសនាធ្វើខុស ឬការដាក់ដាក់វិន័យ ប្រដែរដើកស្សសេស,3_14.wav,16000
អញ្ចឹងនៅក្នុងថ្នាក់រៀន បើយើងមើលទៅគឺមានក្ដារខៀន ក្ដារខៀនគឺជាបន្ទះក្ដារមួយដែលជាទូទៅគឺពណ៌ខ្មៅ ឬក៏ពណ៌ខៀវ,អញ្ចឹងដែលក្នុងខ្នាក់រៀនមើលទៅគឺមានក្ដាឃាន ក្ដាឃានគឺជាបន្ទះក្ដាលមួយដែរជាទៅទៅគឺពាល់ខ្មៅឬក៏ពណ៌ណាឃាវ,3_15.wav,16000
ហើយនៅក្នុងថ្នាក់រៀនគឺយើងឃើញថាលោកគ្រូ ឬក៏អ្នកគ្រូគឺតែងតែមានរំពាត់មួយ ហើយរំពាត់នោះគឺជាទូទៅគឺធ្វើពីផ្ដៅ,ហើយនៅក្នុងថ្នាក់រៀន គឺជាងឃើញថាលោកគ្រូ ឬគធ្វើតិច្រើនគ្រូវគឺតែដែលមានរង្ពាត់មួយ ហើយរង្ពាត់នោះជាទូរដូចជាធ្វើពីរប្តើ,3_11.wav,16000
អញ្ចឹងគឺក្នុងពេលនោះគឺប្រើប្រាស់រំពាត់គឺធម្មតា គឺសាមញ្ញ គឺគ្រូៗគ្រប់គ្នាជាទូទៅគឺប្រើរំពាត់,ចាញ់គឺខ្នងពេលនោះគឺការប្រើប្រាំព័ត់គឺធម្មតាគឺសមាញគឺគ្រួបគ្រួបគ្រួបគ្រាន់គ្រួបគ្រាន់គឺយាយទូរតែគឺប្រាល់រំពាត់,3_10.wav,16000
យើងហៅថារំពាត់ផ្ដៅ ឬក៏រំពាត់ឈើ ឬក៏ឫស្សី អញ្ចឹង គឺជារំពាត់មួយដែលជាទូទៅរំពាត់គឺប្រើដើម្បីចង្អុលលេខ ឬអក្សរនៅលើក្ដារខៀន,ហើយដើររង្ពាត់ផ្តើរឺគេរង្ពាត់ឈើ ឬរឺគេរឺសី ជារង្ពាត់មួយដែរ ជាទូទៅរង្ពាត់គឺប្រើដើម្បីចង្អុលលែងឬក៏សូរនិងលើក្តារឃាត,3_12.wav,16000
អញ្ចឹងគ្រូតែងតែប្រើប្រាស់រំពាត់នេះដើម្បីចង្អុល ចង្អុលនូវអក្សរឲ្យសិស្សថាតាមពេលដែលបង្រៀន ឬក៏គោះតុពេលដែលចង់ឲ្យសិស្សស្ដាប់ អញ្ចឹងគឺគ្រូតែងតែមានរំពាត់មួយនៅលើតុ,ជាមានគ្រូគឺតែងតែប្រាយប្រានប្រង្ព័រណ៌នេះដើម្បីចឹងអល់អាចសរឲ្យសេសថាតាមពេលដែលម្រៀនឬគួសទាក់ពេលដែលចឹងអាចសិស្ដាប់ ជាមួយគ្រូតែដែលមានខាងព័ត់មួយនឹងលើតៗ,3_13.wav,16000
ហើយខ្ញុំគឺលេងនៅក្នុងម៉ោងរៀន ដូច្នេះគឺគ្រូប្រើរំពាត់ដាក់ខ្ញុំមួយរំពាត់,ខ្ញុំគឺលេនៅក្នុងម៉ោងរៀន ដូច្នេះគ្រូប្រាល់រាមពាត់ដាក់ខ្ញុំមួយរំពាត់,3_22.wav,16000
﻿សូមជម្រាបសួរ នេះគឺជាការពិពណ៌នាដែលនឹងនិយាយអំពីពេល ដែលខ្ញុំនៅរៀននៅក្នុងសាលាបឋមសិក្សាមួយ,សិបជម្រៀកសួរនៅជិះកាលពីពតិរនាដែលអាចនិយាយអាមពីរដែលខ្ញុំដែលរៀននៅក្នុងសាលាមិធន្តិច្ចឹកសារមួយ,3_0.wav,16000
ហើយសាលាបឋមសិក្សារបស់ខ្ញុំគឺ ស្ថិតនៅក្នុងភូមិរបស់ខ្ញុំ ហើយនៅមិនឆ្ងាយពីផ្ទះរបស់ខ្ញុំប៉ុន្មានទេ,សាលាបឧស្សុក្សាររបស់ខ្ញុំ គឺដែលនៅក្នុងភូមរបស់ខ្ញុំ ហើយមិនឈ្ងៃវីផ្ទះរបស់ខ្ញុំប៉ុន្មានទេ,3_1.wav,16000
ហើយធ្វើឲ្យខ្ញុំភ្ញាក់រឭក ហើយចាប់ពីពេលនោះមក គឺខ្ញុំចាប់ផ្ដើមផ្ដោតអារម្មណ៍ទៅលើការរៀនហើយគឺមិនត្រូវលេងនៅក្នុងម៉ោងរៀនតទៅទៀតទេ,ហើយធ្វើអោយខ្ញុំភ្ញាក់រលើកហើយចាប់ពេលដូចខ្ញុំចាប់ផ្ដែលផ្ដោតអារម្មណ៍លើការរៀនហើយគឺមិនត្រូវលេងនៅក្នុងម៉ោងរៀនតរទៀតទេ,3_23.wav,16000
ហើយខ្ញុំចាំបានថាថ្នាក់ទី ២ គឺខ្ញុំត្រូវរំពាត់មួយរំពាត់ដោយសារពេលដែលខ្ញុំមិនបានស្ដាប់គ្រូពន្យល់,ហើយខ្ញុំចាប់បានថា ឋាក់ទីពីរគឺខ្ញុំត្រូវរង្ពាត់មួយរង្ពាត់ដោយសារពីរដែលខ្ញុំមិនបានស្ដាប់គ្រូបញ្យល់,3_21.wav,16000
ហើយខ្ញុំគឺតែងតែដើរទៅសាលារៀន គឺ ដើរពីផ្ទះទៅសាលារៀន ហើយដើរពីសាលារៀនមកផ្ទះវិញ,ហើយខ្ញុំគឺតាយតែងតែដើរសាលារៀន គឺដើរពីផ្ទះ តែសាលារៀន ហើយដើរពីសាលារៀនមកផ្ទះពេញ,3_3.wav,16000
គឺមានរយៈចំងាយប្រហែលជា ១០ នាទី បើយើងធ្វើដំណើរដោយថ្មើរជើង,មានដែលយកចាប់ថ្ងៃប្រហែលជាដល់មែនទៃ យើងធ្វើដំណើរដែលត្រ្មាចជើង,3_2.wav,16000
ហើយគ្រូគឺមានរំពាត់ហើយចង្អុល ដើម្បីចង្អុលអក្សរនៅក្ដារខៀនទៅដល់សិស្ស,ហើយគ្រូគឺមានរងពាត់ហើយចឹងអល់សូនៅលើក្តារឃានដល់សេស,3_20.wav,16000
ហើយជួយឲ្យខ្ញុំបានប្រុងប្រៀបហើយតែងតែដោយយកចិត្តទុកដាក់នៅក្នុងម៉ោងសិក្សាជានិច្ច,ហើយជួយខ្ញុំបានប្រង់ព្រៀបហើយតែតែចឹងជាតិទុលដាក់នៅក្នុងម៉ងស្រក្សាជានិក,3_24.wav,16000
ហើយគ្រូគឺប្រើដីសដើម្បីសរសេរនៅលើក្ដារខៀន អញ្ចឹងដីសគឺមានពណ៌ស ឬក៏ពណ៌ផ្សេងៗចំរុះពណ៌,ហើយគ្រូវគឺប្រើដីសូដើម្បីសរសេរនៅលើក្តាលឃាន អញ្ចឹងដីសរគោះមានពាក់សរើបពាល់ផ្សេងៗ,3_18.wav,16000
ហើយពេលដែលខ្ញុំបានឡើងទៅដល់ថ្នាក់ទី ២ គឺខ្ញុំរៀនជាមួយលោកគ្រូម្នាក់ អញ្ចឹងពាក្យថាអ្នកគ្រូគឺសំដៅទៅលើ គ្រូបង្រៀនស្រី,ហើយពេលដែលខ្ញុំបានឡើងតែស្នាក់ទីពីរ គឺខ្ញុំរៀនជាមួយនឹងលក់គ្រូមអាននាក់ ហើយជើងពាក្យធ្វើនកគ្រូសសំណើរទៅលើគ្រូបង្រៀនស្រេង,3_6.wav,16000
ហើយពាក្យថាលោកគ្រូគឺសំដៅទៅលើគ្រូបង្រៀនប្រុស ក្នុងថ្នាក់ទី ២ ខ្ញុំបានរៀនជាមួយលោកគ្រូម្នាក់,ហើយពាក្យលោកគ្រូគឺសំណើតលើគ្រូបង្រៀនប្រុស្ត្រ ក្នុងថាទីពេលខ្ញុំបានរាយមនឹងលោកគ្រូមអនាក់,3_7.wav,16000
ប៉ុន្តែជាទូទៅគឺគ្រូប្រើពណ៌ស អញ្ចឹងហើយយើងហៅថាដីស អញ្ចឹងនៅក្នុងសម័យនោះគឺប្រើដីស ហើយនឹងក្ដារខៀនដើម្បីសរសេរ,ប៉ុន្តែជាទូរទៅគ្រូប្រារព័រសោរ ចឹងហើយថាដីសោ ចេញក្នុងសម័យនោយគឺប្រាតីសោរ ហើយនឹងក្តារឃានដើម្បីសរសេរ,3_19.wav,16000
ហើយខ្ញុំក៏សូមបញ្ចប់ការពិពណ៌នាអំពីពេលវេលា,ខ្ញុំក៏សុមបញ្ចប់ការពិពពាត់រាល់នាពីវិលា,3_25.wav,16000
នៅក្នុងថ្នាក់ទី ១ ខ្ញុំរៀនថ្នាក់ទី ១ គឺរៀនជាមួយនឹងអ្នកគ្រូ អ្នកគ្រូនោះគឺជាម្ដាយរបស់ខ្ញុំ,នៅក្នុងថ្នាក់ទីមួយ ខ្ញុំរានថ្នាក់ទីមួយគឺរានជាមួយនឹងអ្នកគ្រូ ហើយអ្នកគ្រូនោះគឺជាម្តាយរបស់ខ្ញុំ,3_5.wav,16000
ហើយចំណាយពេលគឺមិនយូរប៉ុន្មានទេ គឺប្រហែលជា ១៥ នាទី ១០ នាទី ទៅ ១៥ នាទីតែប៉ុណ្ណោះ,ហើយចំណាយពេលមិនយូរប៉ុន្មានទេ គឺប្រាស់ជាដល់ នាទេ ដល់មេចទេ ដ៏ៗ ប៉ុនាទេ,3_4.wav,16000
ពេលដែលខ្ញុំរៀននៅក្នុងសាលាបឋមសិក្សានេះដោយប៉ុណ្ណេះដែរ សូមអរគុណ,ពេលដែលខ្ញុំរាននៅក្នុងសាលដ្ឋិនសិក្សានេះដោយប៉ុណ្ណែដែរសម្អស់គុណ,3_26.wav,16000
បាទ ឆាក្ដៅនឹងគឺ យើងដឹងហើយថាក្ដៅៗនឹងបានន័យថាវា វាក្ដៅ ហើយអញ្ចឹងបានន័យថាគេដាក់ម្ទេសឲ្យច្រើននៅក្នុងឆាក្ដៅហ្នឹង,ឆាក្ដៅហ្នឹងគឺយើងដឹងហើយថាក្ដៅក្ដៅក្ដៅក្ដៅហើយអញ្ចឹងបានអានគេដាក់មិនទេហើយច្រើនក្នុងឆាក្ដៅហ្នឹង,12_12.wav,16000
បាទ ហើយយើងចិញ្ច្រាំម្ទេសវាដាក់ទៅ ហើយវានឹងមានរសជាតិហឹរ,ហើយយើងចេញច្រើនម្មទេសវាដាក់ទៅ ហើយវានឹងមានរួចជាតិហើយ,12_5.wav,16000
បាទ ហើយបើនិយាយពីសម្លម្ជូរគ្រឿងវិញ សម្លម្ជូរគ្រឿងគឺយើងអាចធ្វើជាមួយសាច់គោក៏បាន សាច់ត្រីក៏បាន,ហើយបើនិយាយពីសម្លងមជូរគ្រឿងវិញ សម្លងមជូរគ្រឿងគឺយើងអាចធ្វើជាមួយសាច់គោលក៏បាន សាច់ត្រីក៏បាន,12_4.wav,16000
បាទ ប៉ុន្តែនៅក្នុងឆាក្ដៅនឹងគឺគេមានដាក់ម្រះព្រៅដែរ ម្រះព្រៅពេលដែលយើងដាក់ទៅក៏វាមានលក្ខណៈហឹរហើយឈ្ងុយ,បានតែនៅក្នុងចារ្យក្ដើរនិងគឺគេមានដាក់ម្រាស់ប្រើសដែរ ប្រើសពេលដែលយើងដាក់ទៅក៏វាមានលក្ខណៈហើយឆ្ងុយ,12_13.wav,16000
បាទ ហើយមួយទៀតគឺឆាខ្ញី បាទ ឆាខ្ញី ឬមួយក៏យើងអាចនិយាយថាមួយទៀត គឺ ២ មុខនឹងគឺវាផ្សេងគ្នា ឆាខ្ញី ហើយនិងឆា ឆាក្ដៅ,ហើយមួយទៀតគឺឆាធុញ្ញីបាន ឆាហាធុញ្ញីដឹងមួយក៏យើងអនិយាយថាមួយទៀតគឺពីរមុខនឹងគឺវាបស្ដិញធ្នាឆាហានឹងឆាហារក្តើ,12_11.wav,16000
ដោយថាវាផ្ដល់ផលប៉ះពាល់ដល់ក្រពះរបស់យើង ឬមួយក៏គ្រឿងក្នុងរបស់យើងអីអញ្ចឹងទៅ,គឺយើរដូចថាវាផ្ដល់ផលប៉ះពាល់ទៅដល់ពះផល្យើង ឬមួយក៏គ្រឿងក្នុងផល្យយើងអញ្ចឹងទៅ,12_39.wav,16000
បាទ ប៉ុន្តែបើសិនជាក្នុងក្រុមគ្រួសាររបស់លោកអ្នក មានមានក្មេងតូច ឬមួយក៏មាន  គេអត់ដាក់ជាមួយទេសម្លម្ជូរគ្រឿងហ្នឹង,ប៉ុន្តែប្រសិនជាក្នុងក្រុមក្រុមគ្រួសារផលុខអ្នក មានដូចថាមានក្មេងទូរទៅមួយក៏មានអ្វអ៊ីម្ចាញ់ទាក់ដាក់ជាមួយយាយ ក្លុំជូរគ្រឿងហ្នឹង,12_6.wav,16000
គេត្រូវតែដាក់ផ្សេង បាទ គេត្រូវតែដាក់ផ្សេង ដូចជាគេត្រូវញេចទឹកត្រី បាទ គេមានដាក់ទឹកត្រីមួយកូនចាន អញ្ចឹងទៅ,គេត្រូវតែដាក់ផ្សេង គេត្រូវគេត្រូវនិយាយទឹកត្រីមានដាក់ត្រីមកូនចាន,12_7.wav,16000
ប៉ុន្តែបើសិនជាយើងញ៉ាំម្ទេសច្រើន គឺវាអាចផ្ដល់ផលប៉ះពាល់ដល់សុខភាពរបស់យើងដែរ,ប៉ុន្តែវើសនាយើងញ៉ាំទេសចល់វាអាចផ្ដល់ផលប៉ះពាល់ដ៏សុខភាពផលយើងដែរ,12_38.wav,16000
ហើយក៏គេច្របល់ចូលគ្នាអញ្ចឹងទៅ ក៏វាមានរសជាតិហឹរ ក៏គេអាចញ៉ាំនឹងវាបានដែរ,ហើយអគេចបរចូលគ្នាចំទៅក៏វាយមានរុស្សជាតិហើយ គេអាចញាំហ្នឹងវាបានដែរ,12_10.wav,16000
ហើយកាលណាមួយទៀត គឺហឹរគឺវាមានច្រើនប្រភេទ ហើយមួយទៀតគឺយើងឆាមឹកម្រេចខ្ចី  ឆាមឹកម្រេចខ្ចីនេះគឺយើងឆាដាក់មឹកទៅ,ហើយខ្លាន់ណាមួយទៀតហើយវិនវិញចើញប្រភេទបារហើយមួយទៀតគឺយើងឆាមកម្រិខ្ចី។ ឆាមកម្រិខ្ចីនេះ គឺយើងឆាលាក់មឹកទៅ,12_28.wav,16000
បាទ ហើយគេដាក់ រោយម្ទេសដាក់ពីលើ ហើយឆាក្ដៅនេះដែរគឺ គេដាក់ម្ទេសបានឆ្ងាញ់,ហើយគេដាក់ត្រូវរួយម្ទេសដាក់ពីលើ ហើយឆាក្ដៅដាគឺគេដាក់ម្ទេសបានឆ្ងាញ់,12_14.wav,16000
ហើយនឹងឆាម្រេចខ្ចីជាមួយមឹក ឬមួយក៏ជាមួយគ្រឿងសមុទ្រ ហើយនឹងមានម្ហូបដទៃជាច្រើនទៀត,ហើយនឹងឆាមេរិកជែរជាមួយម៉ឹក ឬមួយករជាមួយគ្រឿងស្មុន ហើយនឹងមានម្ហូបដទៃចន្យ៉ាន់ទៀត,12_3.wav,16000
បាទ ប្រធានបទម្ហូបហឹរនេះ គឺមុនដំបូង គឺយើងត្រូវធ្វើម្ហូបជាមុនសិន បាទ ម្ហូបដែលមានលក្ខណៈហឹរនឹងដូចជា សម្លម្ជូរគ្រឿង បាទ ឆាខ្ញី បាទ,បើធានបទម្ហូបហិលនេះ គឺមុនដំបូង គឺយើងត្រូវធ្វើម្ហូបជាមុនសិន បាទម្ហូបដែលមានអ្នកគណហិរដូចជាស្លងមជូរគ្រឿង បានឆាធញី,12_2.wav,16000
បើសិនជាយើងមិនសូវដាក់ម្ទេសទេគឺវាមិនសូវមានរសជាតិឆ្ងាញ់ទេ,ខ្ញុំសិនជាងមិនសូវដាក់ម្ទេសទេ គឺវាមិនសូវមានរសជាតិឆ្ងាញ់,12_15.wav,16000
ហើយនឹងយើងបេះម្រេចមក ដោយថាយើងទិញម្រេចមកពីផ្សារក៏បាន ប៉ុន្តែបើសិនជាយើងមានម្រេចខ្លួនឯងស្រាប់ យើងយកវាមកធ្វើម្ហូប បាទ,ហើយនឹងយើងបេះម្រិចមកដូចថាយើងទិញម្រិចម្រាចមកពិសារកបាន ម្ស៊ិនប៉ុន្តែម្ដែងយើងមានម្រិខខ្លួនឯងស្តែម្រាប់ យើងយកវាមកធ្វើមហូប,12_29.wav,16000
ហើយគេលាយគ្រឿងវានោះមានដូចជាម្ទេស មានដូចជាម្រះព្រៅ មានដូចជាគល់ស្លឹកគ្រៃ បាទ គឺយើងដាក់តែប៉ុននឹងទេ,ហើយគេលេសគ្រឿងវិនោះមានដូចជាមទេស មានដូចជាអំរាស់ប្រើស្រើស្រើស្រើស្ត្រើស្រី គឺយើងដាក់តែប៉ុណ្ណឹង,12_17.wav,16000
﻿សួស្តីមិត្តភក្តិទាំងអស់គ្នា ជួបជាមួយខ្ញុំម្ដងទៀតហើយ នៅក្នុងការបកស្រាយនូវប្រធានបទមួយ ដែលមានចំណងជើងថា ម្ហូបហឹរ,ស្វីស្ត្រីមិនភេទដ្ឋទាំងអស់គ្នាជួបជាមួយខ្ញុំម្ដងទានហើយនៅក្នុងការបកស្រ័យនៅប្រធានបទមួយដែលមានចំណងយើងថា មហូបហិល,12_0.wav,16000
បាទ ដូច្នេះកុំឲ្យខាតពេលយូរ ខ្ញុំសូមបកស្រាយនូវប្រធានបទនេះតែម្ដង,ដូច្នេះការពេលយូរខ្ញុំសូមកស្រាយនៅធានបទនេះតែម្តង,12_1.wav,16000
បាទ ហើយមុនដំបូងគឺថាឆាក្ដៅនេះ គឺគេឆាមានឆាសាច់ទា ឆាសាច់មាន់ ឆាសាច់គោ បាទ ប៉ុន្តែអ្វីដែលឆ្ងាញ់ជាងគេនោះគឺឆាសាច់ទា គឺថាឆ្ងាញ់មែនទែន,ហើយមុនដំបូង គឺថាក៏ដៅនេះគឺគេឆាមានឆាសាច់ទាះឆាសាច់មានឆាស្រគោល ប៉ុន្តែអ្វីដែលឆ្មានជាងគេនៅ គឺឆាសាចទាំង គឺថាឆ្មានទែន,12_16.wav,16000
ហើយហឹរកាលណាដែលគេដាក់ហឹរ បើសិនជាយើងចង់ហឹរខ្លាំង យើងដាក់ម្ទេសថែមទៀត បាទ ពេលដែលយើងកំពុងតែធ្វើម្ហូបហ្នឹង,ហើយហើល កណាដែលគេដាក់ហើយ លូតាយើងប្រធ្វើអោយយើងចង់ខឹលខ្លាំង យើងដាក់ម្ទេសថែមទៀតបានពេលដែលយើងកំពុងធ្វើម្ហូប,12_33.wav,16000
យើងយកខ្ញីនឹងមកដាក់ជាមួយអញ្ចឹងទៅ ហើយពេលដែលយើងញ៉ាំសាច់ជាមួយនឹងខ្ញីនឹងក៏ធ្វើឲ្យយើងមានលក្ខណៈហឹរដែរ បាទ  មានលក្ខណៈហឹរដែរ,យើងយកខ្ញុយហ្នឹងមដាក់ជាមួយយើងទៅ ហើយពេលដែលយើងញាំសែកជាមួយនឹងខ្ចីហ្នឹង ក៏ធ្វើអ្វើអ្វើអ្នកកណាហើយដែរ,12_27.wav,16000
ហើយយើងហាន់វាជាចំណិតៗ ហើយយើងហាន់វាជាតូចៗ ឆ្មារៗ បាទ ហើយពេលយើងដាក់សាច់នឹងចូលទៅ,ហើយយើងហាន់វាជាអញ្ច្នឹងហើយ យើងហាន់វាជាស័យតូចៗៗឆ្មើលៗ ហើយទៅពេលយើងដាក់ស័យតឹងចូលទៅ,12_26.wav,16000
យើងញ៉ាំជាមួយនឹងមឹកហ្នឹងតិចទៅ ក៏វាមានលក្ខណៈហឹរដែរ ដូច្នេះគឺហឹរ គឺ វាមានលក្ខណៈច្រើនប្រភេទរបស់វា,យើងញាំជាមួយមិត្តនឹងទីទៅក៏វាមានដែលគណាស់ហើរដែន ដូច្នេះគឺហើយវាមានដែលគណាស់ជាច័ន្ទប្រភេទផវា,12_32.wav,16000
បាទ ដោយសារតែយើងប្រើខ្ញី បាទ ខ្ញីនឹងវាមានលក្ខណៈលឿងៗ ប៉ុន្តែវានៅក្រោមដី បាទ វានៅក្រោមដី,ដោយសារយើងប្រើខ្ញុយ បានខ្ញុយមានអ្នកខ្នាក់លឿងលឿង ប៉ុន្តែវានៅក្រោមដី វានៅក្រោមដី,12_24.wav,16000
យើងយកវាមកធ្វើម្ហូបអញ្ចឹងទៅ យើងកាត់វា ហើយយើងលាងទឹកឲ្យវាស្អាត យើងដាក់វាចូលតែម្ដងពេលដែល ពេលដែល ពេលដែលមឹកឆ្អិន,យើងយកមធ្វើមហូបទៅ យើងកាត់វាហើយ យើងលារទឹកវាអោយស្អាត យើងដាក់វាចូលតែម្តងពេលដែលមឹកឆ្អិន,12_30.wav,16000
ហើយនិងគ្រឿងស្ករ ប៊ីចេង ទឹកត្រីអីនឹង គឺយើងដាក់លាយច្របល់ចូលគ្នា បាទ ហើយពេលដែលធ្វើហើយគឺយើងយកញ៉ាំបាយក៏បាន,ហើយនឹងគ្រឿងស្គរវជែងទឹកត្រីយើងដាក់លាយច្បាលចូលគ្នាបាន ហើយពេលដែលធ្វើហើយ យើងយោញាំបែក៏បាន,12_18.wav,16000
យើងយកក្លែមស្រាក៏បាន បាទ យើងយកក្លែមស្រាក៏បាន ហើយពេលឆាក្ដៅ ប្រសិនជាយើងអត់ដាក់ម្ទេសទេ,ខ្ញុំយកខ្ញុំចង់ខ្ញុំសារក៏បាន យកខ្ញុំចង់ត្រាមក៏បាន ហើយពេលខាងត្រាវមើលជាយើងអាត់ដាក់មានទេ,12_19.wav,16000
ដូច្នេះយើងដាក់ម្រេចនឹងចូល បាទ ពេលដែលម្រេចនោះឆ្អិនអីហើយ ពេលដែលយើងលើកមកគឺយើងញ៉ាំម្រេចនឹងតិចទៅ,ដូច្នេះយើងដាក់អំរិកចូលពេលដែលពេលដែលលើកមក គឺយើងញ៉ាំរិកហើយ,12_31.wav,16000
ហើយឆាខ្ញីនេះ គឺយើងអាចឆាខ្ញីជាមួយសាច់គោ ឆាខ្ញីជាមួយសាច់មាន់ បាទ ហើយខ្ញីនេះដែលយើងយកមក យើងចិតសំបកវាឲ្យស្អាត បាទ ចិតសំបកវាឲ្យស្អាត,ហើយឆានខ្ញុំអត់ចឹងចិត្តសាបកវាអ្វាអ្វាអាវស្អាត,12_25.wav,16000
ព្រោះថាម្ហូបនឹងវាត្រូវជាមួយនឹងម្ទេស បាទ កាលណាដែលយើងដាក់ម្ទេសអញ្ចឹងទៅ ក៏វាមានលក្ខណៈឆ្ងាញ់,ព្រោះថាមហូបនឹងវាត្រូវជាវួយហ្នឹងម្ទេស បានគណាដែលយើងដាក់ម្ទេសចង្ទៅក៏វាមានលក្ខណៈ,12_21.wav,16000
បាទ ហើយពេលដែលយើងញ៉ាំទៅគឺអណ្ដាតរបស់យើងគឺហឹរ ដូចថាវាធ្វើឲ្យក្ដៅ វាធ្វើឲ្យក្ដៅអណ្ដាតទៅ,ហើយពេលដែលយើងញ៉ាំទៅគឺន្ដាតផងយើងគឺហើយដូចថាវាធ្វើអោយក្ដាហៅៗ,12_35.wav,16000
យើងដាក់ម្ទេសចូលទៅ កាលណាដែលកម្ដៅមកពីទឹកសម្ល ឬមួយក៏កម្ដៅមកពីម្ហូបហ្នឹង វាធ្វើឲ្យម្ទេសនឹងវាចេញជាតិ បាទ វាចេញជាតិហឹរ,ដាក់មទេសចូលទៅ កណាដែលកំដៅមកពីតុស្រលដ៏កំដៅមពីរម្ហូបហ្នឹងវាធ្វើអោយមទេសហ្នឹងវច្ចេញជាតិ,12_34.wav,16000
យើងដាក់តែម្រះព្រៅ គឺវាមិនសូវជាមានរសជាតិឆ្ងាញ់ប៉ុន្មានទេ,និយាយកដាក់តម្រាស់ប្រើគឺវាមិនសូវជាមានរស់ជាតិឆ្ងាញ់ប្រមាណទេ,12_20.wav,16000
កាលណាវាធ្វើឲ្យក្ដៅមុខ បាទ វាធ្វើឲ្យក្ដៅមុខ[ទៅកាលណាអញ្ចឹងទៅ វាធ្វើឲ្យក្ដៅ[ត្រចៀកបាទ ហើយនៅក្នុងខែរងា,ខ្ញុំខណ្យវាធ្វើឲ្យក៏ដៅមុខទៅខ្ញុំទៅខ្ញុំទៅវាធ្វើក៏ដូចដូចជាអ្វីនៅក្នុងខែរងារ,12_36.wav,16000
ហើយណាមួយបើសិនជាយើងផឹកធ្វើជាគ្រឿងក្លែមទៀតនោះ វាធ្វើឲ្យយើងនឹង ត្រូវគ្នា ចង់មានន័យថាក្លែមស្រាហើយនឹងម្ហូបអញ្ចឹងៗគឺវាត្រូវគ្នា,ហើយណាមួយ បើសិនយើងផឹកធ្វើជាគ្រឿងខ្លែមទៀតនោះ វាធ្វើអាយើងដូចថាត្រូវធៀបឆ្នាចង់មានអីថាខ្លែមស្រារហើយនឹងមហូមិនអញ្ចឹងៗគឺវាត្រូវគ្នា,12_22.wav,16000
ហើយពេលដែលគេដួសសម្ល ដួសនឹងស្លាបព្រាមកដាក់នៅលើចានរបស់គេអញ្ចឹងទៅ ហើយគេចូលទឹកត្រីនឹងបន្តិចអញ្ចឹងទៅ,ហើយពេលដែលគេដួសស្រល័រ ដួសនឹងស្លាប់ព្រាំ ដាក់នៅលើចានផងគេអញ្ចឹងទៅ ឲ្យកជុំទឹកត្រីនឹងបានទិចអញ្ចឹងទៅ,12_9.wav,16000
គេមានដាក់ស្ករ ដាក់ប៊ីចេង បាទ ហើយយើងញេចម្ទេស ១ គ្រាប់ ឬមួយក៏ ២ គ្រាប់អញ្ចឹងទៅ,ទៅមានដាក់ស្ករដាក់វិចេញ បានហើយយើងៗម្ទេសមួយក៏ពីរគ្រាប់,12_8.wav,16000
បាទ រីឯមួយទៀតគឺឆាខ្ញី ឆាខ្ញីនឹងគឺយើងអត់បានប្រើម្ទេសទេ បាទ ប៉ុន្តែក៏វាមានលក្ខណៈហឹរដែរ,រាជ៦ទៀតគឺឆានខ្ញុំអ្នកជាមិនបានទែនទេ ប៉ុន្តែក៏វាមានលក្ខណៈហិល,12_23.wav,16000
បើយើងញ៉ាំម្ទេសអញ្ចឹងទៅ វាកាត់បន្ថយការត្រជាក់ដែរ បាទ វាកាត់បន្ថយការត្រជាក់ដែរ,ព្រោះយើងញ៉ាំបន្ទេសចឹងទៅវាខាតបន្ថយការជាក់ដែរ វាការជាក់មិន្យការជាក់ដែរ,12_37.wav,16000
ដូច្នេះខ្ញុំសូមបញ្ចប់នូវប្រធានបទមួយនេះតែត្រឹមនេះសិន សង្ឃឹមថាជួបគ្នានូវប្រធានបទក្រោយៗជាបន្តបន្ទាប់ទៀត,ដូច្នេះធ្លែងគឺខ្ញុំសូមិញចប់នៅប្រធានបទមួយនេះទៅត្រឹត្តិនៅសិនខឹមថានុជួបគ្នានៅប្រធានបទក្រោយជាបន្តប់ទៀត,12_42.wav,16000
បាទ តែនៅពេលនេះខ្ញុំសូមជម្រាបលាមិត្តទាំងអស់គ្នាតែត្រឹមនេះសិន បាទ សូមអរគុណ សូមជម្រាបលា,បានតែនៅពេលនេះ ខ្ញុំសូមជម្រាបលាមិត្តទាំងអស់គ្នាឲ្យតំនួនសិនបានសង្គមន៍សូមជម្រាបលា,12_43.wav,16000
ហើយវាធ្វើឲ្យយើងនឹងគឺថាហឹរ ហៀរទឹកភ្នែកផង ហើយយើងហៀរទឹកសំបោរផងអីអញ្ចឹងទៅ និងគឺយើងហៅថាម្ហូបហឹរ បាទ,ហើយវាធ្វើអោយយើងហ្នឹងគឺថាហើយរៀលទឹកភាគចំណែកទៅ ហ្នឹងគឺយើងហើយថាមហូបហើយ,12_41.wav,16000
បាទ ដូច្នេះម្ហូបហឹរមានន័យថាម្ហូបដែលយើងដាក់គ្រឿងផ្សំចូលទៅ ដូចជាម្ទេស ដូចជាម្រេច ដូចជាខ្ញីអីហ្នឹង គឺវាមានលក្ខណៈហឹរ,ដូច្នេះមហូភើមានន័យថាមហូបដែលយើងដាក់គ្រឿងផ្សោមយោរទៅ ដូចជាមទេ ដូចជាមេរិក ដូចជាខ្ញុំហ្នឹងគឺវាមានលគ្គណហើយ,12_40.wav,16000
គឺយើងអាចឈប់សម្រាកបាន ហើយម៉ោងសម្រាកគឺយើងលេងល្បែងផ្សេងៗ ឬក៏លេងជាមួយមិត្តភក្តិហើយ ឬ ក៏យើងទៅទិញអាហារសម្រន់ញ៉ាំ,គឺយើងអាចឈប់សម្រាកបាន ហើយបានឈប់សប្រាកគឺយើងលេងដែលផ្សេងផ្សេង ឬក៏អូលេខចាប់មិត្តភក្ដិយើងទៅទិញអាហារសម្រន្តញ៉ាំ,2_20.wav,16000
ហើយខ្ញុំចូលចិត្តម៉ោងសម្រាក ដោយសារខ្ញុំអាចលេងជាមួយមិត្តភក្តិរបស់ខ្ញុំបាន,ហើយខ្ញុំចូលចិត្តម៉ាងសប្រាក វិន្ធតែសារខ្ញុំអាចលារជាពនឹងបិទភាក់រាល់ខ្ញុំបាន,2_21.wav,16000
ដែលខ្ញុំបានរៀនជាមួយនឹងម្ដាយរបស់ខ្ញុំដែលគាត់ជាគ្រូបង្រៀននៅថ្នាក់ទី ១ ដូច្នេះខ្ញុំបានចូលរៀនដំបូងគឺថ្នាក់ទី ១ តែម្ដង សូមអរគុណ,ដែលគ្ញុំបានរៀនជាមួយនឹងបរដាយរបស់ខ្ញុំ ដែលគាត់ជាគ្រូបង្រៀននៅថ្នាក់ទីមួយ ច្នេះគ្ញុំបានចូលរៀនដំបូរ គឺថ្នាក់ទីមួយដែលបាតដំ សប់រគុណ,2_23.wav,16000
ហើយគាត់ ដោយសារអត់មានអ្នកជួយមើល គាត់តែងតែយកខ្ញុំទៅសាលា ដូច្នេះខ្ញុំបានទៅរៀនមុនអាយុ គឺតាំងពីខ្ញុំនៅតូចម្ល៉េះ,ហើយគាត់តែសារអ្នកជួយមើលគាត់តែន្យោគមន៍ទៅសាលាដែលខ្ញុំបានទៅរៀនមុនអាយុគឺតាមពីរខ្ញុំនៅតូចម្លែះ,2_9.wav,16000
នៅតូចដោយសារតែម្ដាយរបស់ខ្ញុំតែងតែយកខ្ញុំទៅសាលាជាមួយគាត់,ដោយតូចសាម្តែរបើអានខ្ញុំតែខ្ញុំតែយកខ្ញុំទៅសាលើជាមួយគាត់,2_8.wav,16000
ហើយខ្ញុំអាចញ៉ាំអាហារសម្រន់បានទៀត នេះគឺជាការចាប់ផ្ដើមថ្នាក់បឋមសិក្សារបស់ខ្ញុំ,ហើយខ្ញុំអាចអញ្ញាបានហាសមុនបានទៀត សាលបនេះគឺជាការចាប់ផ្តើមថ្នាក់ដដ្ឋាមជាស់សិក្សាដ៏បើខ្ញុំ,2_22.wav,16000
ហើយពេលដែលខ្ញុំតែងតែរង់ចាំវៃជួង អញ្ចឹង នៅក្នុងសាលាបឋមសិក្សាគឺមានជួង ដែលជាទូទៅពេលដែលឮជួងសំឡេងជួងវៃ,ហើយពេលខ្ញុំតែងតែរោងចាំពេលដែលវែលជួងអញ្ចឹងក្នុងស្លាប់ធំនឹងសារគ្នាមានជួង ហើយជាតិតែពេលដែលឺជួងសំលែងជួងវែល,2_19.wav,16000
ហើយខ្ញុំចូលចិត្តពេលដែលម៉ោងសម្រាក ពេលដែលម៉ោងសម្រាក គឺ យើងចេញទៅទិញនំ ទិញនំញ៉ាំ,ហើយខ្ញុំចូលចិត្តពីរែបានសម្បារាគឺជាងចេញទៅនំនឹមៗ,2_18.wav,16000
ហើយកាលពីខ្ញុំនៅតូចគឺអត់ទាន់មានសាលាវិទ្យាល័យនៅឡើយទេ នៅក្នុងភូមិរបស់ខ្ញុំ គឺមានតែសាលាបឋមសិក្សាតែប៉ុណ្ណោះ,ហើយកាលពីខ្ញុំនៅតូយគឺអត់ទាន់មានសាលាវិទ្យាល័យនៅឡើយទេ នៅក្នុងភូពរបស់ខ្ញុំគឺមានតែសាលាប្រដ្ឋាមសិក្សាតប៉ុណ្ណោះ,2_15.wav,16000
ហើយមានចំងាយប្រហែលជា បើយើងដើរប្រហែលជា ១០ នាទីពីផ្ទះរបស់ខ្ញុំ ហើយបើធ្វើដំណើរដោយថ្មើរជើង គឺយើងដឹងថា,ហើយមានជាប្រហែលជាវាយើងដើរប្រើអាចជាដកម្ទេសពីផ្ទះរបស់ខ្ញុំ ហើយវាប់ធ្វើដំណើរថ្មើរជើងគឺយើងដឹងថា,2_3.wav,16000
ហើយសាលាបឋមសិក្សា នេះគឺស្ថិតនៅមិនឆ្ងាយពីផ្ទះរបស់ខ្ញុំប៉ុន្មានទេ សាលាបឋមសិក្សាដែលខ្ញុំបានទៅស្ថិតនៅក្នុងភូមិរបស់ខ្ញុំ,ហើយសាលាប្រធម្មត្តិមិនសាក្សា នេះគឺធិតលើមិនឆ្ងាយពីផ្ទះរបស់ខ្ញុំពិន្តបានទេ សាលាប្រធម្មត្តិត្របស់ខ្ញុំបានទៅថាដែលក្នុងភូមិនរបស់ខ្ញុំ,2_2.wav,16000
អញ្ចឹងសាលាបឋមសិក្សា គឺមានពីថ្នាក់មត្តេយ្យ ថ្នាក់ទី ១ រហូតទៅដល់ថ្នាក់ទី ៥ ដែលមាននៅក្នុងសាលាបឋមសិក្សានេះ,ចាំសាលប្រធម្មសិក្សាគឺមានពីរថ្នាក់តី ដាក់ទី១ រហូតទៅដល់ថ្នាក់ទី៥ ដែលមាននៅក្នុងសារ្តនេះ,2_14.wav,16000
ហើយពេលដែលយើងចប់សាលាបឋមសិក្សានៅក្នុងភូមិគឺយើងត្រូវធ្វើដំណើរទៅកន្លែង ឬក៏ភូមិផ្សេងទៀតដើម្បីបន្តថ្នាក់វិទ្យាល័យ,ហើយពេលដែលយើងចប់សាលវធ្វើផ្សាក់សារនៅក្នុងភូមិកធ្វើធ្វើដំណើរទៅកន្លែង ឬក៏ភូមិផ្សេងទៀត ដើម្បានតរថ្នាក់វិទ្យាល័យ,2_16.wav,16000
﻿សូមជម្រាបសួរ នេះគឺជាពិពណ៌នាអំពីជីវប្រវត្តិ ឬក៏សាច់រឿងរបស់ខ្ញុំទាក់ទងទៅនឹងការចូលរៀននៅក្នុងសាលាបឋមសិក្សា,សុំចម្រៀកផ្សួរនាជាការពិពាត់អានាពីជីវបរបស់ ដែលកសត្វអ្វីរឿងរបស់ខ្ញុំ ទាក់ទាំងតែនាំងការចូលរានដែលក្នុងសាលាប្ដ្ឋានមិនសិក្សា,2_0.wav,16000
ហើយកាលពីខ្ញុំនៅតូចគឺខ្ញុំបានចាប់ផ្ដើមចូលរៀន ដំបូងគេគឺនៅក្នុងសាលាមួយហៅថាសាលាបឋមសិក្សាអង្គរបាន,ហើយកាលពីខ្ញុំដៅតូច គឺខ្ញុំបានចាប់ផ្តើបដើម ចូលរៀនដើមបូងគេគឺនៅក្នុងសាលាមមួយហត្តាសាលាបឋាន់មិនសិក្សាអង្គោលបាន,2_1.wav,16000
ហើយខ្ញុំចាំបានថា គឺខ្ញុំចូលចិត្តទៅសាលារៀនជាមួយម្ដាយរបស់ខ្ញុំ,ហើយខ្ញុំចាប់បានថាគឺខ្ញុំចូលចិត្តទៅសាលារៀនជាជាមួយនឹងបារហើយដ៏បើគ្ញុំ,2_17.wav,16000
ដឹងហើយថាកាលពីមុនគឺសាលាបឋមសិក្សានេះគឺ មានពីថ្នាក់ មត្តេយ្យ ថ្នាក់ទី ១ រហូតទៅដល់ថ្នាក់ទី ៥,ដែលហើយដឹងដែលថាកាលពីមុន គឺស្រលាប់ឧត្រាមដំខ្សារនេះ គឺមានពីថ្នាក់ទីមួយរហូត្តដ៏ថ្នាក់ទី៥,2_13.wav,16000
ហើយសាលាបឋមសិក្សានេះគឺ ស្ថិតនៅក្បែរផ្ទះរបស់ខ្ញុំ ហើយខ្ញុំតែងតែធ្វើដំណើរដោយថ្មើរជើង ដោយសារសាលាបឋមសិក្សានេះគឺស្ថិតនៅក្បែរផ្ទះ,ហើយសាលាប្រដ្ឋាមភាស់សិក្សានេះ គឺធិតនៅក្បែបផ្ទះរបស់ខ្ញុំ ហើយខ្ញុំគឺតែងតែធ្វើដំណើរដោយថ្មាយជើង ដោយសាលាប្រដ្ឋាមធ្វើយសិក្សានេះគឺធិតនៅក្បែបផ្ទះ,2_5.wav,16000
ដើរទៅសាលានេះគឺចំណាយពេលប្រហែលជាតែ ១០ នាទីតែប៉ុណ្ណោះ ពីផ្ទះរបស់ខ្ញុំទៅកាន់សាលាបឋមសិក្សាដែលខ្ញុំបានទៅ,ដែលខ្ញុំពេលដែលខ្ញុំដើរទៅសាលានេះ គឺចំណាយពីប្រហែលជាតែដោយទីតែប៉ុណ្ណោះពីផ្ទះរបស់ខ្ញុំទៅកាន់សាលាបន្តឹងមិនសាល្ដ្ដិខ្ញុំបានទៅ,2_4.wav,16000
ម្ដាយរបស់ខ្ញុំគាត់ជាគ្រូបង្រៀន ហើយគាត់បង្រៀននៅថ្នាក់ទី ១ ហើយ,បណ្តាយរបស់ខ្ញុំគាត់ជាគ្រូបង្រៀនហើយ គាត់បង្រៀនដែលថ្នាក់ទី១,2_12.wav,16000
គឺម្ដាយរបស់ខ្ញុំយកខ្ញុំទៅសាលា រាល់ថ្ងៃជាមួយគាត់ ហើយខ្ញុំបានចាប់ផ្ដើមរៀន,គឺម្ដាយដើម្ដាយខ្ញុំយកខ្ញុំទៅសាលាររាល់ថ្ងៃជាមួយគាត់ ហើយខ្ញុំអត់ចាប់ផ្តើមរៀន,2_10.wav,16000
ហើយខ្ញុំបានចាប់ផ្ដើមរៀនដំបូងគេគឺ ជាមួយនឹងម្ដាយរបស់ខ្ញុំ ម្ដាយរបស់ខ្ញុំគាត់គឺជាគ្រូបង្រៀន,ហើយខ្ញុំបានចាប់ផ្ដើមរៀនដំបូងគេគឺជាមួយនឹងបន្តាយរបស់ខ្ញុំ របស់ខ្ញុំគាត់គឺជាគ្រូបងរៀន,2_6.wav,16000
ហើយគាត់បង្រៀននៅថ្នាក់ទី ១ ហើយខ្ញុំបានចាប់ផ្ដើមទៅសាលាតាំងពីខ្ញុំ,ហើយគាត់បងរាននៅថ្នាក់ទី១ ហើយខ្ញុំបានចាប់ប្រដើមទៅសាលាតអាចម៍,2_7.wav,16000
ពេលដែលខ្ញុំគ្រប់អាយុចូលរៀនគឺខ្ញុំរៀនជាមួយម្ដាយរបស់ខ្ញុំនៅក្នុងថ្នាក់ដែលម្ដាយរបស់ខ្ញុំបង្រៀន,ពេលដែលខ្ញុំគ្រប់អាយុចចូលរៀត គឺខ្ញុំរានជាមួយដែលខ្ញុំដែលក្នុងថ្នាក់ ដែលម្ដាយរាល់ខ្ញុំបងរៀត,2_11.wav,16000
បាទ ហើយវារស់នៅក្រោមទឹក ប៉ុន្តែវាមិនមែនងាវ ហើយក៏វាមិនមែនខ្យងដែរ វាគ្រាន់តែពពួកនៅជាមួយក្រុមតែមួយ ប៉ុន្តែវាមានរូបរាងខុសៗគ្នា,ហើយវារស់នៅក្រោមទឹក ប៉ុន្តែវាមិនមែននាវាហើយករវាមិនមែនខ្យងដែលវាក្រាន់តែបំពោកនៅជាមួយក្រុមទំវិន្តែវាមានរូបរានខុសៗគ្នា,13_6.wav,16000
អាម្ហូបលាយជាមួយម្ទេសនឹងទៀតទៅ វាធ្វើឲ្យយើងនឹងកាន់តែក្ដៅថែមទៀត បាទ វាធ្វើ ឲ្យយើងនឹងកាន់តែក្ដៅថែមទៀត,ម្ហូបលាយជាមួយម្ទេសនឹងទៅ វាធ្វើអោយយើងនឹងកាន់ដៅថែមទៀត វាធ្វើអោយយើងកាន់តែក្តៅថែមទៀត,13_19.wav,16000
វាធ្វើឲ្យគ្រឿងក្នុងរបស់យើងវាក្ដៅអីអញ្ចឹងទៅ បាទ ហើយ[កាលណាអញ្ចឹងទៅធ្វើឲ្យយើងឈឺពោះ បាទ ធ្វើឲ្យយើងឈឺពោះទៀត,វាធ្វើអោយគ្រឿងនៅក្នុងផងយើងវាក្ខណ្ដាវអីចឹងទៅ ហើយខ្លួនឯងទៅធ្វើអោយយើងឈឺពោះទៅទៀត,13_25.wav,16000
ធ្វើជាម្ហូបអីអញ្ចឹងទៅ បាទ ដូច្នេះខ្ញុំសូម បញ្ចប់នូវការបកស្រាយនូវប្រធានបទម្ហូបហឹរនេះតែត្រឹមនេះសិន បាទ សូមអរគុណ សូមជម្រាបលា,ធ្វើជាមហូបអីចឹងទៅបាន ដូច្នេះខំសូមបញ្ចប់នៅការបក្សាយនៅប្រធានបទ ម្ហូបហើរនេះទៅត្រឹមតែសិនបាត់សូមអគុណ,13_31.wav,16000
ហើយម្ហូបគឺកាលណាគេយកសម្រាប់មកក្លែម ឬមួយក៏កាលណា គឺគេយកមកសម្រាប់ញ៉ាំលេងធម្មតាជាមួយបាយអីអញ្ចឹង,ហើយម្ហូបគឺខ្លួនាស់គេយោសម្រាប់មកខ្លែមរឺមួយក៏ខ្លែរគេយោរមកសម្រាប់ញ៉ាំលែងធម្មតារដូចជាមួយបាយ,13_30.wav,16000
ហើយនៅពេលដែលយើងញ៉ាំចូលទៅខាងក្នុងពោះយើងអញ្ចឹងទៅ ក្ដៅពេកអញ្ចឹងទៅ ក៏វាមិនសូវល្អដែរ,ហើយដែលពេលយើងញ៉ាំចូលទៅក្នុងពួកយើងទៅក្ដៅពេលយើងទៅក៏វាមិនសូវល្អ,13_24.wav,16000
កាលណាដែលយើងញ៉ាំជាមួយបាយ គឺបាយវាមានលក្ខណៈក្ដៅ បាទ បាយគឺមានលក្ខណៈក្ដៅ ហើយពេលដែលយើងញ៉ាំអាម្ហូបក្ដៅ,ប៉ុន្តែការរយោងញ៉ាំមួយបែវជាបាយលក្ខណៈក្ដៅ បាយល្អ្នកគ្ដៅហើយពេលដែលយើងញ៉ាំម្ហូបក្តាល,13_18.wav,16000
បាទ វានៅក្នុងភក់អញ្ចឹងទៅ យើងយកដៃឆ្កឹះវាមកអញ្ចឹងទៅ បានប្រហែលជា ៣០ ឬមួយគឺ ៤០ អញ្ចឹងទៅ,វានៅក្នុងផុខយង្ដោយយកយកដៃឆ្កុះវាមកយោង្ដោយ បានប្រហែលទៀន ៣០០កសែស០០០០០០០០០០០០០០០០០០០០០០០០០០០០០០០០០០០០០០០០០០០០០០០០០០០០០០០០០០០០០០០០០០០០០០០០០០០០០០០០០០០០០០០០០០០០០០០០០០០០០០�,13_7.wav,16000
ហើយវាមានលក្ខណៈកប់ភក់ វាមានរូបរាង ដោយថា វាជាពពួកសត្វអត់ឈាមដែរ,ខ្ល់វានាក្នាក់នៅកប់ផុក វានរូបរាងដូចថាវាជាប្រពោះសត្វអត់ឈាមដែរ,13_5.wav,16000
ហើយកាលណាយើងមានអារម្មណ៍ថាខឹង ពេលដែលម្ហូបដែលយើងចូលចិត្តអីអញ្ចឹង យើងញ៉ាំវាអត់បានច្រើន បាទ ព្រោះថា,ហើយខាងណាយើងមានអារម្មណ៍ខឹងពេលដែលហ្នឹងចូលចិត្តអីអញ្ចឹង យើងញ៉ាំវាអាត់បានច្រើនអាហ្នឹកព្យូយថា,13_26.wav,16000
អញ្ចឹងទៅ គេដាក់ម្ទេសច្រើន ហើយយើងអត់សូវចេះញ៉ាំម្ទេស កាលណាដែលគេដាក់ម្ទេសច្រើន យើងញ៉ាំទៅវាអត់កើត,ខ្លាន់ដាក់ទៅគេដាក់មន្ទេសច្រើនអត់សូវជាសញ្ញាំម្ទេស កាន់ដែលគេដាក់មន្ទេសច្រើន ញឹងញាំធ្វើអត់ហើយ,13_27.wav,16000
ដោយថាឆាមកអញ្ចឹងទៅ គេឲ្យញ៉ាំជាមួយបាយ បាទ ឆាមកជាមួយគ្រំ ហើយគ្រំនោះដែរ គឺយើងអាចរកបាននៅក្នុងទឹក វារស់នៅក្នុងទឹក,ដូចថាឆាមអញចឹងទៅគេឲ្យញ៉ាំជាមួយបាយឆាមអញចឹងជាមួយគ្រុំ ហើយគ្រុំអាចរូលបាននៅក្នុងទឹកវារស់នៅក្នុងទឹក,13_4.wav,16000
﻿សួស្តីមិត្តភក្តិទាំងអស់គ្នា ជួបជាមួយខ្ញុំម្ដងទៀតហើយ ក្នុងការបកស្រាយនូវប្រធានបទមួយ ដែលមានចំណងជើងថា ម្ហូបហឹរ,សួស្តីម្ភេទាំងអស់គ្នាជួបជាមួយខ្ញុំម្ដងទៀតហើយក្នុងការបកស្រាយនៅប្រធានបទមួយដែលមានចំណងជើងថាមហូបផឹល,13_0.wav,16000
គេទៅញ៉ាំស្ករ បាទ គេទៅញ៉ាំស្ករអញ្ចឹងទៅ ធ្វើឲ្យវាហ្នឹង ដោយថាធូរស្បើយ,គេតញ្ញាំស្ករ គេតញ្ញាំស្ករអញ្ចឹងទៅធ្វើអោយវាហ្នឹងដូចថាធសុវាល្បើ,13_23.wav,16000
យើងទៅរត់រកទឹកកក បាទ យកទឹកកកយកមកញ៉ាំអញ្ចឹងទៅ ដើម្បីបំបាត់ បាទ ប្រសិនជាអ្នកខ្លះទៀតគេទៅញ៉ាំស្ករ បាទ,យើងទៅរដ្ឋរូតទាករបានយោរករណ៍នៅយោមអោយញ៉ាម៉ៃចិនទៅដើម្បីកំបាត់បើបច្ចឹងជាអ្នកខ្លះទៀតគេញតិញាំស្ករ,13_22.wav,16000
បាទ ដូច្នេះកុំឲ្យខាតពេលយូរ ខ្ញុំសូមបកស្រាយទៅលើម្ហូប ហឹរនេះតែម្ដង,ដូចឆ្នេរកំអើចខាងពេលយូរ ខ្ញុំសូរបកស្លែកទៅលើមហូបផឹលលេងតែម្តង,13_1.wav,16000
ដូចជាម្ហូបឆាគ្រឿងជាមួយគ្រំ បាទ ឆាគ្រឿងជាមួយគ្រំ បាទ ពេលដែល,ដូចជាម្ហូបឆារគ្រឿងជាមួយគ្រប់ បាមឆារគ្រឿងជាមួយគ្រុំ បាមពេលដែល,13_3.wav,16000
ហើយពេលដែលយើងខំប្រឹងញ៉ាំវា ខំប្រឹងញ៉ាំវា វាធ្វើ ឲ្យយើងហៀរសំបោរផង វាធ្វើឲ្យយើងចេញទឹកភ្នែកផង បាទ វាធ្វើឲ្យយើងក្ដៅត្រចៀក ផង,ហើយពេលដែលយើងខុសប្រឹងញ៉ាំវាខុសប្រឹងញ៉ាំវាទៅវិធ្វើយើងហៀលសប្បាអើផងវិធ្វើអីចឹងដឹកភ្នែកផងវិធ្វើយើងផ្តែដូចជាប់ផង,13_20.wav,16000
បាទ ហើយយើងខំប្រឹងញ៉ាំដែរ ប៉ុន្តែយើងញ៉ាំបានតិច បាទ ពេលដែលញ៉ាំហើយ វាក្ដៅ មាត់ពេក ដល់ពេលក្ដៅមាត់ពេកអញ្ចឹងទៅ,ហើយយើងខុំប្រឹងខ្ញាំឲ្យប៉ុន្តែខ្ញុំតែបានតិច ប៉ុន្តែដែលខ្ញុំហើយទៅយើងវាដូចថាយើងវាក៏ដៅផ្មាត់ពេលក៏ដៅផ្មាត់ពេលអញ្ចឹងទៅ,13_21.wav,16000
បាទ ម្ហូបហឹរ បាទ កាលណាដែលម្ហូបនោះគេធ្វើលក្ខណៈដូចជាឆ្ងាញ់ ឧទាហរណ៍,ម្ហូបហ្វើបានការដែលម្ហូបនោះគេធ្វើលក្ខណៈដូចជាឆ្នាំងឧទ្ធហរណ៍,13_2.wav,16000
យើងបុកឲ្យគ្រឿង យើងមិនមែនយកសាច់នឹងមកបុកនោះទេ,និយាងបុកគ្រឿងហើយយើងមែនយកសាច់ដែលខ្ញុំអត់គេ,13_10.wav,16000
បាទ យើងបុកវាចូលគ្នាអញ្ចឹងទៅ ហើយយើងដាក់ម្ទេសនឹងចូលដែរ,យើងបុគ្វាចូលគ្នាញអញ្ចឹងទៅហើយ យើងដាក់ម្ទេសនឹងចូលដែរ,13_11.wav,16000
ពេលដែលសាច់គ្រំនោះវាឆ្អិនអស់ហើយ បាទ សាច់គ្រំនឹងដែលភាសា សាច់គ្រំនឹងដែលភាសាខ្មែរយើងគេហៅថា សាច់គ្រំអញ្ចឹង,ពេលដែលសាច់គ្រប់នោះវាច្អិនដោយហើយ បានសាច់គ្រប់ហ្នឹងដែលពីរសាច់គ្រប់ហើយយើងគេហារសាច់គ្រប់អញ្ចឹង,13_13.wav,16000
យើងហាន់ម្ទេសនឹងឲ្យស្ដើងៗ ហើយយើងយកវាទៅដាក់ជាមួយគ្រឿងហ្នឹង,យើងហនម្ទេសនឹងអាចស្ដើរស្ដើរហើយ យើងយកវានហ្នឹងដាក់ជាមួយគ្រឿងហ្នឹង,13_12.wav,16000
បាទ ហើយពេលដែលយើង យកមក យើងបុកវាទៅ យើងយកវាឲ្យមកបុកចូលគ្នាអញ្ចឹងទៅ,ហើយពេលដែលយើងយូរមក យើងបុកវាទៅ យើងយូរមកបុកជូរគ្នា,13_9.wav,16000
ឆួលច្រមុះរបស់យើង ឆួលច្រមុះរបស់យើង វាធ្វើឲ្យយើងឆួលហើយ វាធ្វើឲ្យយើង បាទ ហើយវាធ្វើឲ្យយើងនឹងឆួលច្រមុះតែម្ដង អាចំហាយម្ទេសហ្នឹង,ធ្វើចម្មុសផលយើងធ្វើច្វើច្រើនហើយយើងធ្វើច្រើនកដាស់ ក៏ដាសម្មជាឈីទ្រើនអ្នកហើយវើច្រើនកធ្វើចម្ដងអាចំហែម្មតីសហ្នឹង,13_16.wav,16000
បាទ ពេលដែលគេលើកមកហើយ គឺយើងត្រូវញ៉ាំហើយ បាទ យើងញ៉ាំ[ជា]មួយបាយអីអញ្ចឹងទៅ ដល់ពេលយើងញ៉ាំជាមួយបាយ,ពេលដែលគេលើកមកហើយ គឺយើងត្រូវញ៉ាំហើយ យើងញ៉ាំមួយបាយនិយាយចឹងទៅ ដល់ពេលញ៉ាំមួយបាក,13_17.wav,16000
យើងយកមកឆាគ្រឿង បាទ ដែលឆាគ្រឿងនឹងយើងយកវាគ្រឿងមកផ្សំដូចជា គល់ស្លឹកគ្រៃ ដូចជារមៀត បាទ ដូចជាស្លឹកក្រូចសើច ដូចជាស្លឹកគ្រៃអីអញ្ចឹងទៅ,យើងយូរម្ឈាគ្រឿង ដែលឆាគ្រឿងនោះ យើងយូវគ្រឿងមកផ្សំដូចជាគោលស្លឹកត្រី ដូចជាល្ជាមាត ដូចជាស្លឹងស្រឹកត្រីអៃចិនទៅ,13_8.wav,16000
ពេលដែលវាឆ្អិនសព្វគ្រប់អស់ហើយ វាមានសូម្បីតែផ្សែងវាក៏មានលក្ខណៈថាឆួលដែរ,ពេលដែលវាច្ចិនសោភគ្រប់ហើយវាមានសូវីតែផ្សែងៗវាក៏មានដែលគណាស់ថាឆូលដែរ,13_15.wav,16000
បើសិនជាអ្នកដាក់តិច គឺយើងអាចញ៉ាំបាន ប៉ុន្តែបើសិន ជាអ្នកដាក់ច្រើន គឺវាមានលក្ខណៈហឹរកាន់តែខ្លាំង,បើសានជាអ្នកដាក់ទិក គឺយើងអាចងារមាណតែវើសញ្ចអ្នកដាក់ច្រើនគឺមានអ្នកដំហិលកាន់ខាងខ្លាំង,13_29.wav,16000
បាទ អញ្ចឹងទៅ បាទ ដូច្នេះគឺម្ហូបហឹរនេះ គឺយើងអាស្រ័យលើអ្នកដាក់ដែរ បាទ វាមានន័យអញ្ចឹង វាមានន័យថាអាស្រ័យលើអ្នកដាក់ដែរ,ចឹងទៅ ដូច្នេះ ម្ហូបហើរនេះគឺយើងអោយសាយលើសអ្នកដាក់ដែរ វាមានន័យចឹង្នែកថាសាយលើសរាក់ដាក់ដែរ,13_28.wav,16000
កាលបើខ្ញុំនៅស្រុកស្រែដល់ ពេលមកនៅក្រុង គេហៅថាអយស្ទ័រ បាទ,កាលបើធ្ញុំនៅធ្រុកសារប្រពេលមនុស្សគ្រងញ្ជែកគេហៅថាអោយស្ទ័រ,13_14.wav,16000
ហើយទឹកទន្លេមេគង្គ គឺក្នុងរដូវប្រាំងជាទូទៅ ទឹកនឹងគឺហូរដែរ តែហូរតិចៗ ហើយងាយស្រួលក្នុងការដែលយើងហែលលេង ដូចទឹកអាងអញ្ចឹង គឺអត់ហូរខ្លាំងនោះទេ,ហើយទឹកតន្លេមារកង់គឺក្នុងរដូវប្រាណជាទូទៅទឹកហ្នឹងគឺហូរដែលតែហូរតិចទឹកហើយងាយស៊ួរនឹងការដែលយើងហើយលែង ដូចទឹកអាងយ៉ាងគឺអត់ហូរខ្លាំងលោយតិច,5_9.wav,16000
ហើយទន្លេមេគង្គនេះគឺ នៅក្នុងរដូវប្រាំង គឺទឹកថ្លា ពាក្យថាថ្លា គឺមានន័យថាទឹកវាអត់មានដីល្អក់នោះទេ គឺទឹកថ្លា,ហើយទន្លេមេគង្គនេះគឺអនៅក្នុងរដូវប្រាំងគឺទឹកថ្លា វិដ្ឋានថ្លាស់ថ្លាជាមានថាទឹកវាក់មានលៃល្អក់នៅទាយគឺទឹកថ្លា,5_8.wav,16000
ជីតារបស់ខ្ញុំ ហើយជីតារបស់ខ្ញុំ គាត់គឺជាអ្នកដែលបង្រៀនខ្ញុំឲ្យហែលទឹក ពេលដែលខ្ញុំនៅតូចគឺគាត់បង្រៀនខ្ញុំ ឲ្យហែលទឹកនៅក្នុងទន្លេមេគង្គនេះ,ជិតារបស់ខ្ញុំ ហើយជិតារបស់ខ្ញុំគាត់ គឺជាអ្នកដែលបង្រៀនខ្ញុំអោយហែលទឹក ពេលដែលខ្ញុំដោយគឺ ក៏បង្រៀនខ្ញុំអាចដែលក្នុងទិនលេមេអីកងនេះ,5_15.wav,16000
ហើយខ្ញុំចាំបានថា អ្នកដែលបង្រៀនខ្ញុំហែលទឹកនោះគឺ ជីតារបស់ខ្ញុំ,ហើយខ្ញុំចាប់បានថាអ្នកដែលបងរៀនខ្ញុំហើយទឹក គឺជាតាររបស់ខ្ញុំ,5_14.wav,16000
ហើយពេលដែលខ្ញុំធំឡើង គឺខ្ញុំចូលចិត្តទៅហែលទឹកនៅក្នុងទន្លេមេគង្គ ជាមួយនឹងមិត្តភក្តិខ្ញុំ អ្នកនៅជិតខាង អ្នកនៅក្បែរផ្ទះហ្នឹង មិត្តភក្តិដែលនៅក្បែរផ្ទះ ឬក៏អ្នកជិតខាង,ហើយពេលដែលខ្ញុំធំឡើង គឺខ្ញុំចូលចិត្តទៅហែលទឹកនៅក្នុងតែលេងមាគងជាមួយនឹងមិត្តភក្នុងខ្ញុំអ្នកជិតខាងអ្នកដែលក្បែរផ្ទះហ្នឹង មិត្តភក្នឹងអ្នកដែលខ្ញុំអ្នកជិតខាង,5_16.wav,16000
ហើយនិងបងស្រីរបស់ខ្ញុំ គឺពេលថ្ងៃ បន្ទាប់ពីញ៉ាំបាយថ្ងៃត្រង់រួច ពេលថ្ងៃប្រហែលជាម៉ោង ពីរ ឬក៏ម៉ោង បី គឺយើងនាំគ្នាទៅហែលទឹកក្នុងទន្លេមេគង្គនេះ,ហើយនឹងបងស្រីដ៏របស់ខ្ញុំ គឺពេលដ្ឋាយប្រាបាយថ្ងៃក្ដង់រួចពេលដ្ឋាយប្រាហាជាម៉ោងពីរាក៏ម៉ង់បី គឺយើងនាំផ្សារទៅហែលទឹកក្នុងតែល្អាឡាយមានកងនេះ,5_17.wav,16000
ហើយខ្ញុំតែងតែដើរទៅមុជទឹក ហើយនឹងហែលទឹកនៅក្នុងទន្លេមេគង្គ,ហើយខ្ញុំតែងតែដើរទៅមួយទឹក ហើយនឹងហែលទឹកនៅក្នុងទន្លេសមេគង្គោង,5_13.wav,16000
ដោយសារផ្ទះរបស់ខ្ញុំគឺមិនឆ្ងាយពីទន្លេទេ គឺនៅក្បែរមាត់ទន្លេ ហើយផ្ទះរបស់ខ្ញុំគឺប្រហែលជា ពីរ បី នាទីតែប៉ុណ្ណោះពីមាត់ទន្លេ,ផ្ទះរបស់ខ្ញុំ គឺមិនឆ្ងាយពីទន្លេទៀត គឺនៅក្បាយមកទន្លេហើយផ្ទះរបស់ខ្ញុំ គឺប្រហែលជាពីរបីងាយទីតែប៉ុណ្ណោះពីមកទន្លេះ,5_12.wav,16000
ហើយមិនសូវមានគ្រោះថ្នាក់នោះដែរ អញ្ចឹងក្នុងការដែលយើងមុជទឹក ចង់ទៅហែល រៀនហែលទឹក មុជទឹក ឬក៏លេងសម្រាប់ក្មេងៗគឺ សុវត្ថិភាពល្អនៅក្នុងខែប្រាំង,ហើយមិនសារមានគ្រូថ្នាក់ដដារអញ្ចឹងក្នុងការដែលយើងមួយទឹក ចង់ទៅហែរានហែលទឹកមួយទឹក ឬសម្រាប់ក្មេងក្មេងគឺសប្បុត្តិភាពអានៅក្នុងខែប្រាំង,5_10.wav,16000
ដោយសារនៅក្នុងខែប្រាំងនេះ គឺទឹកទន្លេមេគង្គ គឺនឹងហើយ ហូរតិចៗ ហើយទឹកថ្លា គួរឲ្យចង់ហែល ហើយខ្ញុំចូលចិត្តហែលទឹកទន្លេមេគង្គខ្លាំងណាស់,ដែលសាន់ក្នុងខែប្រាំងនេះ គឺទឹកនៅលេមេគង្គង់គឺនឹងហើយហូរតិចទឹកធ្លាគង់គួរអោយចង្គហែរ ហើយខ្ញុំចូលចិត្តហើយទឹកនៅលេមេគង្គខ្លាំងណា,5_11.wav,16000
ប្រសិនជាយើងទៅឆ្ងាយបន្តិច គឺទឹកជ្រៅ ហើយបើយើងនៅខាងៗក្បែរមាត់ច្រាំងគឺទឹករាក់ ហើយខ្ញុំចូលចិត្តហែលនៅក្នុងទឹកទន្លេមេគង្គនេះ,ប្រសេរយើងទៅឆ្ងាយបន្តិច គឺទឹកច្រៅ ដែលបើយើងខាងខ្លាំងកំបែរមកច្រើនក៏ទឹករាក់ ហើយខ្ញុំជាចិត្តហានៅក្នុងទឹកទាន់លេមេគង្នេះ,5_20.wav,16000
ហើយនេះគឺជាអ្វីមួយដែលខ្ញុំចូលចិត្តធ្វើនៅក្នុងរដូវប្រាំង គឺការហែលទឹកលេងនៅក្នុង នៅក្នុងទន្លេមេគង្គជាមួយនឹងមិត្តភក្តិ ហើយនិងបងស្រី,ហើយនេះគឺជាវីមួយដែលខ្ញុំចុះជាតិធ្វើនៅក្នុងរដូវប្រាំងគឺការហែលទឹកលេងនៅក្នុងក្នុងទន្លេមេកងជាមួយនឹងមិត្តភក្ដិយនឹងបងស្រៃ,5_21.wav,16000
ហើយជាពិសេសនៅក្នុងខែប្រាំងនេះឯងដោយសារ ខែប្រាំងគឺ ទឹកទន្លេមេគង្គ គឺទឹកនឹង ហើយទឹកថ្លា ស្អាត ហើយងាយស្រួលក្នុងការហែលលេងដែរ,ហើយអាចជាពិសេសនៅក្នុងខែប្រាំងនេះអាចដោយសារ ខែប្រាំងគឺទឹកតន្លេមេគង់គឺទឹកនឹង ហើយទឹកធ្លារស្អាត ហើយងារសួរនឹងការហ្អែរលានដែរ,5_23.wav,16000
ហើយអ្នកដែលបង្រៀនខ្ញុំឲ្យហែលទឹក គឺជីតារបស់ខ្ញុំ ដែលជាអ្នកបង្រៀនខ្ញុំឲ្យចេះហែលទឹកដំបូងគេ ឲ្យខ្ញុំចូលចិត្តហែលទឹកខ្លាំងណាស់នៅពេលថ្ងៃ,ហើយអ្នកដែលបង្រៀនខ្ញុំអោយហែទឹក គឺជិះតារបស់ខ្ញុំ អត់អ្នកបង្រៀនខ្ញុំអចចេះហែទឹក ដឹកបងគេអីខ្ញុំចូលចិត្តអាហែទឹកខ្លាំងណានៅពេលថ្ងៃ,5_22.wav,16000
ហើយមិនមានជម្រៅជ្រៅនោះទេ គឺទឹកវាមានជម្រាល អញ្ចឹងគឺយើងអាចហែលបាន ហែលលេង ដូចជាលេងនៅខាងៗ,ហើយមិនមានជម្រៅឆ្រៅនៅទេគឺទឹកវាមានជម្រេល ចឹងគឺយើងអាចហើយបានហើយលេងជាលេងអោយខាង,5_19.wav,16000
ហើយទឹកទន្លេមេគង្គគឺ ទឹកថ្លា ទឹកនឹង ដូចជាទឹកអាងអញ្ចឹង គឺទឹកថ្លា ហើយងាយនឹងហែល,អាចទឹកតំលេរមេគងគឺទឹកថ្លាមញុំទឹកនឹង ដូចជាទឹកអារមញ្ចឹងគឺទឹកថ្លាហើយនិងហែ,5_18.wav,16000
ហើយខ្ញុំក៏សូមបញ្ចប់ការពិពណ៌នាទៅលើ រដូវប្រាំង ហើយនឹងព្រឹត្តិការណ៍ដែលខ្ញុំចូលចិត្តធ្វើនៅក្នុងរដូវប្រាំង គឺការហែលទឹកនៅក្នុងទន្លេមេគង្គនេះ សូមអរគុណ,ខ្ញុំក៏អសុំអចចប់កាលពីពព័ត៌នាតែលើរដូវប្រាំងហើយនិងព្រឹត្តិការដែលខ្ញុំជជិតធ្វើនៅក្នុងរដូវប្រាំងគឺការហែលទឹកនៅក្នុងទាំងលេមាគងនេះរបស់គុណ,5_24.wav,16000
អញ្ចឹងរដូវប្រាំងគឺទឹកទន្លេស្រកចុះ ហើយទឹកមិនសូវហូរខ្លាំងនោះទេ អញ្ចឹងទឹកអត់សូវហូរខ្លាំង គឺទឹកទន្លេនឹង,ចឹងដូចប្រាំងគឺទឹកទន្លេសស្រកចរើនហើយទឹកមិនសៅហូរខ្លាំងនោះទេ ចាំងទឹកកសៅខ្លាំងអាចទន្លេនហ្នឹង,5_6.wav,16000
ហើយផ្ទះរបស់ខ្ញុំគឺស្ថិតនៅក្បែរមាត់ទន្លេមួយ ហៅថាទន្លេមេគង្គ គឺជាទន្លេដែលធំ ហើយហូរកាត់ចំនួន ៦ ប្រទេស,ហើយផ្ទះរបស់ខ្ញាំ គឺដ្ឋាននៅក្បែរមកទន្លេ មួយហៅថាទន្លេមេគង្គឺជាទន្លេមួយដែលធំ ហើយហូរកាត់ចំនួនប្រាំមួយប្រទេស,5_7.wav,16000
នៅក្នុងរដូវវស្សា ធ្វើឲ្យទឹកទន្លេឡើងខ្លាំង ឡើងពៀបទៅនឹងមាត់ទន្លេ ហើយរដូវប្រាំង គឺទឹកទន្លេគឺស្រកចុះ,នៅក្នុងដូចប្រសារធ្វើអើយទឹកទន្លេឡើងខ្លាំងពាបទៅនឹងមាត់ទន្លេហើយដូចប្រាំងគឺទឹកទន្លេសគឺស្រកចុះ,5_5.wav,16000
ហើយនៅក្នុងរដូវប្រាំង ជាទូទៅបើយើងសង្កេតទៅលើមើលទឹកទន្លេ ដោយសារក្នុងរដូវទាំងពីរនេះគឺ វាធ្វើឲ្យមានផលប៉ះពាល់ទៅទឹកទន្លេដូចគ្នា,ហើយនៅក្នុងដូចដូចប្រាំងជាទូទៅបើសេនយើងមើលទៅដឹកទន្លេ ដោយសារក្នុងដដូចទាំងពីរនេះគឺវាធ្វើឱ្យមានផលប៉ះពាល់ទៅទន្លេដូចគ្នា,5_4.wav,16000
﻿សូមជម្រាបសួរ! នេះជាការពិពណ៌នាទៅលើព្រឹត្តិការណ៍ដែលកើតឡើង ដែលពាក់ព័ន្ធទៅនឹងរដូវប្រាំង,សុំចម្រាបសួរនាជាការពិពព័ត៌នារទៅលើប្រឹតតិការដែលកើតឡើងអ្នកពាក់ព្វន្ធតែហ្នឹងរឹតដែលប្រាំង,5_0.wav,16000
អញ្ចឹងនៅក្នុងប្រទេសកម្ពុជាគឺមានរដូវពីរ រដូវប្រាំង ហើយនិងរដូវវស្សា,ជាងនៅក្នុងប្រទេសកម្ពុជាគឺមានរដូវពីរដូវប្រាំងហើយនឹងរដូវវស្សា,5_1.wav,16000
ហើយមានពេលខ្លះមានភ្លៀងធ្លាក់ដែរ យើងហៅថាភ្លៀងកក់ខែ អញ្ចឹងនៅក្នុងរដូវប្រាំង គឺកម្រនឹងមានភ្លៀងធ្លាក់ណាស់ ហើយអាកាសធាតុគឺក្ដៅ,ហើយមានពេលខ្លះមានភ្លៀងធ្លាក់ដែលយើងហាតែផ្លាឃបង្កក់ខែអញ្ចេញក្នុងដល់ដូចដូចប្រាំងគឺកម្រនឹងមានភ្លៀងធ្លាក់ដារហើយអាកាសធាតុគឺស្តើ,5_3.wav,16000
រដូវប្រាំងគឺជារដូវមួយដែលមានអាកាសធាតុក្ដៅ ហើយស្ងួត ដោយសារមិនមានភ្លៀងធ្លាក់នោះទេ,ដែលប្រាប់ជារដែលមួយដែលមានឱកស៊ិតដែលហើយស្ងួតដោយសារមិនមានភ្លៀងធ្លាក់,5_2.wav,16000
កាលណាគ្នាមិនសូវជាទ្រាំបានទេ ព្រោះថាបាយក៏ក្ដៅ ម្ហូបក៏ក្ដៅ បាទ ពេលដែលក្ដៅអញ្ចឹងទៅ ភាគច្រើនគឺកូនក្មេងនឹងយំ បាទ យំ គឺយំ,ខណៈគ្នាមិនទ្រាំបានដែលព្រោះថាបាយក៏ក្ដៅម្ហូក៏ក៏ក៏ដៅ ពេលដែលក្ដាល់ខ្ញុំយ៉ាងៗ គេខ្ញុំ ខ្លះណាអ្វីចាន់ផ្មេងនឹងខ្ញុំខ្លះណាចឹង,14_10.wav,16000
កូនក្មេងខ្លះគឺវាដល់ថ្នាក់ទៅវាអត់ញ៉ាំម្ហូបនឹងទៀតផង ព្រោះថាវាញ៉ាំអត់បានណា បាទ ព្រោះថាវាញ៉ាំអត់បាន វាមានលក្ខណៈហឹរពេក បាទ,គុណក្មេងខ្មែងខ្លះវាដល់ថ្នាក់ទៅវាអត្តិញ៉ាប់ញ៉ាំហូបនឹងទៀតផង ពោះព្រោះថាវានឹងមានលក្ខណៈហិលពេក,14_11.wav,16000
បាទ រីឯមនុស្សធំវិញ គឺគាត់មិនដឹងទេ គាត់ដឹងតែ ឆ្ងាញ់របស់គាត់ខ្លួនឯង គាត់ចេះតែញេចដាក់ទៅ,បាទ! រាយឯមនុស្សធំហ្មញ្ញឹងគាល់មែនទែនដឹងដឹងច្នាញបករគុណឯង គាត់ច្រញ្ញឹកដាក់ទៅ,14_13.wav,16000
ហើយកាលណាវាទៅស្រូបបាយ ស្រូបបាយញ៉ាំជាមួយទឹកត្រី ឬមួយក៏ទឹកស៊ីអ៊ីវអីអញ្ចឹងទៅ ព្រោះថាវាញ៉ាំអត់បាន វាមានលក្ខណៈដូចថាវា វាមិនសូវអត់ធ្មត់ទេ,ហើយខណៈវាទៅស្រូបាយស្រូបាយញ៉ាប់ជាមួយទឹកត្រីឬមួយកទឹកស្អៀវអ៊ីចឹងទៅ ប្រស់ថាវិញ៉ាប្បាន វាមានលក្ខណៈដូចថាវាមិនសូវអត់ថ្មុទេ,14_12.wav,16000
ដូច្នេះនៅក្នុងប្រធានបទម្ហូបហឹរនេះ គឺវាទាក់ទងទៅនឹងក្មេងមួយទៀត បាទ ដូចថាកូនក្មេងមិនសូវជាញ៉ាំម្ទេសហឹរបានប៉ុន្មានទេ,ដូចនេះនៅក្នុងប្រធានបទហូបហើរនេះ គឺវាទាក់ទងនឹងក្មេងមួយទៀត ដូចថាកូនក្មេងមិនសូវជាញ្ញាំមតិហើរបានប្រមាណទេ,14_16.wav,16000
បាទ ភាគតិចណាស់ដែលញ៉ាំម្ទេសហឹរបាន បាទ ដូច្នេះប្រធានបទមួយនេះគឺសម្រាប់កូនក្មេង គឺយើងគួរតែស្វែងយល់ដែល ដូចថា,បានភាគតិចដែលដែលខ្ញាំម្ទេសហិលបាន ដូច្នេះវធានបទមួយនេះគឺសម្រាប់កូនថ្មេង គឺយើងគួរតែស្វែងយល់ដែរ,14_17.wav,16000
កាលពេលខ្ញុំនៅអាយុ ១០ ឆ្នាំអញ្ចឹង គឺខ្ញុំនៅតែមិនទាន់ញ៉ាំម្ទេសបានទេ ព្រោះថាខ្ញុំវាទ្រាំអត់បាន វាហឹរពេក បាទ,ខាងវាធ្ញុំនៅយុដល់ឆ្នាំយ៉ាងគឺខ្ញុំនៅតែមិនទាន់ញាំមទេសបាននៃព្រោះក្នុងមានទាន់ម្ដាបានវាហិលពេក,14_15.wav,16000
ហើយគាត់មិនដឹងថាកូនក្មេងហ្នឹង វាចូលចិត្តម៉េច ហើយវានឹងអាចទ្រាំបានម៉េច បាទ ដូចខ្ញុំអញ្ចឹង,ហើយគាំដឹងថា គុណក្មេងនៅវាចូលចិត្តមើលឆៅវានឹងអាចត្រាំបានដូចខ្ញុំអញ្ចឹង,14_14.wav,16000
ហើយគេពិបាកទ្រាំ បាទ យើងដឹងហើយថាកូនក្មេងគឺវាមិនសូវចេះទ្រាំប៉ុន្មានទេ អារឿងហឹរ អារឿងឈឺ អារឿងស្អីនឹងវាមិនសូវជាទ្រាំបានប៉ុន្មានទេ,ហើយគេពិបាក់ត្រាំ យើងដឹងហើយថាកូនថ្មេងគឺវាមិនសូវចេះត្រាំប៉ុន្មានទៅរឿងហិលរឿងឈឺអារឿងអីហ្នឹងវាមិនសូវច្រាំបានបន្មានទេ,14_3.wav,16000
បាទ កូនក្មេងភាគច្រើន បាទ គឺគេមិនសូវចូលចិត្តម្ទេសទេ ព្រោះថាម្ទេសគឺធ្វើឲ្យគេក្ដៅមាត់ បាទ ក្ដៅដល់អណ្ដាតរបស់គេ,គុណគ្មេងភាគច្រើនគឺគេមិនសូវចូលចិត្តម្ទេសទេ ព្រោះថាមទេសគឺធ្វើឲ្យគេក្តៅមានក្តៅដល់ដាតបានពណ៌,14_2.wav,16000
﻿សួស្តីមិត្តភក្តិទាំងអស់គ្នា ជួបជាមួយខ្ញុំម្ដងទៀតហើយនៅក្នុងការបកស្រាយប្រធានបទ បាទ ម្ហូបហឹរ,ស៊ុស្សស្រីមកភេទទាំងអស់គ្នាជួបជាមួយខ្ញុំបណ្តងទៀតហើយ នៅក្នុងការបក់ស្រាយប្រធានបទ ម្ហូបហិល,14_0.wav,16000
បាទ ដូច្នេះកុំឲ្យខាតពេលយូរ ខ្ញុំសូមបកស្រាយនូវប្រធានបទមួយនេះតែម្ដង បាទ ម្ហូបហឹរ បាទ គឺថាយើងអាស្រ័យទៅលើមនុស្សធំ ឬមួយក៏កូនក្មេង,ដូច្នេះកាំអល់ខាតពេលយូរខ្ញុំសូរបកស្រែនៅប្រធានបទមួយនេះតែម្ដង់មហូបហិលគឺថាយើងស្តែដ៏លើមនុស្សធំមនុស្សកូនគ្មេង,14_1.wav,16000
យើងមិនតម្រូវចិត្តយើង បាទ យើងមិនមែនតម្រូវចិត្តក្មេងណា ឧទាហរណ៍ថាសម្លអីអញ្ចឹងទៅ សម្លម្ជូរ ដូចថាសម្លម្ជូរអញ្ចឹងទៅ ញេច គាត់ញេចម្ទេសចូលទៅក្នុងសម្លហ្នឹង,និយើងមិនតម្រូវចិត្តយើង បានមិនមែនតម្រូវចិត្តថ្មេងណា ឧទ្ធិហរដ្ឋាសំលងមិនជូរ និងគាត់និកម្ទេសចូលទៅក្នុងត្រលានឹង,14_5.wav,16000
បាទ ពេលដែលឧទាហរណ៍ថាមនុស្សចាស់ ដូចថាយើងអញ្ចឹង ពេលដែលដាំស្លម្ដងៗ អញ្ចឹង,ពេលដែលឧទាហរណ៍ថាមនុស្សចាស់ មួយថាយើងអញ្ចឹងណាពេលដែលដាំឃ្លាំនឹកហ្ញុំដងអញ្ចឹង,14_4.wav,16000
បាទ ពេលដែលគាត់ញេចម្ទេសចូលទៅក្នុងសម្លអញ្ចឹង ហើយត្រូវយើងនឹងញ៉ាំម្ទេសនឹងដែរ បាទ,ពេលដែលគាត់និយាយម្ទេសចូលក្នុងស្រលរអញ្ចឹងត្រូវយើងញាំម្ទេសនឹងដែរ,14_6.wav,16000
ត្រូវយើងនឹងញ៉ាំម្ទេសនឹងដែរ អញ្ចឹងទៅធ្វើឲ្យយើងនឹងក្ដៅមាត់ បាទ ហើយចាស់ៗគាត់ចេះតែថាឲ្យកូនក្មេង គ្រាន់តែម្ហូបប៉ុណ្ណឹងក៏មិនសូវចេះញ៉ាំដែរ,ត្រូវយើងនៅញាំមធានឹងដែរ ចាស់ធ្វើអោយយើងហ្នឹង ក្ដៅមួន ហើយចាស់ចាស់គាត់ជាដ្ឋានឲ្យកូនក្មេងអញ្ចឹងហារ្តាមហូបពិនិងក៏មិនស្សូវចេះញាំ,14_7.wav,16000
បាទ ចេញទឹកភ្នែក ចេញទឹកសំបោរ បាទ កាលនៅពីក្មេងអីអញ្ចឹង ក្មេងៗ បាទ ហើយក្មេងគឺ ពេលដែលញ៉ាំបាយអញ្ចឹងទៅ,ចេញទឹកភ្នែកភ្នែកធ្វើហើយចាននៅវិកធ្មេងៗ ហើយគឺពេលដែលញ៉ាំបែកយើងទៅ,14_9.wav,16000
បាទ ព្រោះថាកូនក្មេងគឺវាមានស្បែកខ្ចី កាលណាដែលស្បែកខ្ចីគឺញ៉ាំហឹរ គឺអត់បានទេ,ព្រោះថាកូនស្មែងវាមានស្បែកខ្ចី គឺខ្ញុំអ្វីហើយអីហើយអីតិចហ្នឹងគឺគាត់បាន,14_8.wav,16000
នឹងយើងគួរតែញេចម្ទេសនឹងដាក់នៅខាងក្រៅសម្លអីអញ្ចឹងទៅ បាទ  ដើម្បីឲ្យកូនក្មេងនឹងងាយស្រួលក្នុងការបរិភោគ,ដឹងយើងគួរតែងាយបន្ទេសដាក់ទៅខ្ញុំក្រៅសម្លរអីអញ្ចឹងទៅដើម្បីឱ្យគុណក្មេងនិងងាយស្រួលក្នុងការបរួយភូរ,14_19.wav,16000
បើសិនជា ឧទាហរណ៍ថា បើសិនជាយើងមានក្មេងញ៉ាំជាមួយ យើងគួរតែកុំញេចម្ទេសចូលទៅខាងក្នុងទឹកសម្ល,បើស៊ិនជាឧទ្ធហូតថាបើស៊ិនជាយើងវានគ្មេរញ៉ាំជាមួយ យើងគួរតែគាំទាន់លាចមកទេចចូលទៅខ្លាំងក្នុងទឹកសំលង,14_18.wav,16000
សូមអរគុណ សូមជម្រាបលា,សម្រគន់ទងជាមានប្លា,14_24.wav,16000
បាទ ដូច្នេះខ្ញុំសូមបញ្ចប់នូវរូបភាព សុំទោសគឺខ្ញុំសូមបញ្ចប់ក្នុងការបកស្រាយនូវប្រធានបទ ម្ហូបហឹរតែត្រឹមនេះសិន បាទ សង្ឃឹមថាជួបគ្នានូវប្រធានបទក្រោយៗទៀត,ដូចនេះ ខ្ញុំសូរបញ្ចប់នៅរូបភាពអសំតូរ គឺខ្ញុំសូរបញ្ចប់ក្នុងការបក់ស្រែនៅប្រធានបានម្ហូបហើយ តែត្រឹងនឹងសិនបានសង្ឃើមថានឹងជួរគ្នានៅប្រធានបានក្រោយទៀត,14_23.wav,16000
យើងអាចលាយម្ទេស ឬមួយក៏លាយទឹកត្រី លាយប៊ីចេង លាយស្ករដាក់ក្នុងចានផ្សេងអញ្ចឹងទៅ ដើម្បីឲ្យវាមានលក្ខណៈងាយស្រួល,យើងអាចលាយម្ទេស ឬមួយការលាយទឹកត្រីលាយវិជ័យនាស្ករដាក់នឹងចង់ផ្សេងយើងទៅ ដើម្បីឱ្យមានលើខណៈងារស្រួល,14_22.wav,16000
ក្នុងការញ៉ាំអីអញ្ចឹង ក្នុងការទទួលទាន បាទ ហើយយើងនឹងក៏មានលក្ខណៈស្រួលដែរ យើងដួសតែទឹកត្រីមួយចានមក,នៅក្នុងការញ៉ាំអីចឹងការទទួលទានហើយយើងក៏មានដែលគណាក់ស្រួលដែរ យើងដួសតែទឹកត្រីម្ចានមក,14_20.wav,16000
ហើយយើងញេចម្ទេសដាក់ចូលក្នុងនឹងទៅ បាទ ហើយយើងញ៉ាំអញ្ចឹងទៅ ក៏វាធ្វើឲ្យយើងមានលក្ខណៈងាយស្រួលដែរ,ហើយយើងញឹកមួយទេដាក់ចង់នឹងទៅ និងញាំទៅវាធ្វើអោយយើងមានលក្ខណៈងាយស្រួលដែរ,14_21.wav,16000
